ticker,classification,market_cap,valuation_context,earnings_quality_analysis,pricing_power_analysis,secondary_red_flags,qualification_reason,sales_y1,sales_y2,sales_y3,sales_q1,sales_q2,net_profit_y1,net_profit_y2,opm_y1,opm_y2,operating_profit_y1,interest_y1,share_capital_y1,share_capital_y2,borrowings_y1,borrowings_y2,fixed_assets_y1,fixed_assets_y2,cwip_y1,cwip_y2,cfo_y1,roce_y1,roce_y2,ccc_y1,ccc_y2,promoter_q1,promoter_q2,fii_q1,fii_q2,dii_q1,dii_q2,stock_pe,dividend_yield,other_income_y1,debtor_days_y1,debtor_days_y2,days_payable_y1,days_payable_y2
20MICRONS,PROVEN COMPOUNDER,650.0,Micro/Small-Cap (₹650.0Cr) trading at deep value (PE: 9.68). High margin of safety.,Elite Quality: Earnings are clean and validated by a 0.68% hard-cash dividend.,Neutral: Trade working capital is stable.,Promoter holding is passable but low (45.04%),"Track B. Fired: Operating Leverage, Immaculate Cash Conversion, Dividend Validation",954.0,913.0,777.0,261.0,215.0,67.0,62.0,13.0,13.0,123.0,17.0,18.0,18.0,156.0,165.0,296.0,284.0,12.0,9.0,104.0,17.0,19.0,126.0,126.0,45.04,45.04,0.41,0.26,0.1,0.07,9.68,0.68,6.0,68.0,57.0,0.0,0.0
3BBLACKBIO,PROVEN COMPOUNDER,1027.0,Micro/Small-Cap (₹1027.0Cr) trading at deep value (PE: 17.5). High margin of safety.,CAUTION: >30% of Net Profit stems from Other Income. Verify asset sales.,Neutral: Trade working capital is stable.,Promoter holding is passable but low (40.94%),"Track B. Fired: Elite ROCE, Top-Line Growth, Immaculate Cash Conversion, Dividend Validation",142.0,96.0,74.0,35.43,50.35,60.0,48.0,40.0,52.0,57.0,0.0,9.0,9.0,3.0,0.0,28.0,7.0,0.0,0.0,52.0,25.0,26.0,245.0,235.0,40.94,41.27,2.57,2.57,1.98,1.87,17.5,0.33,26.0,129.0,138.0,0.0,0.0
AARTIDRUGS,PROVEN COMPOUNDER,3380.0,Micro/Small-Cap (₹3380.0Cr) trading at deep value (PE: 17.3). High margin of safety.,Elite Quality: Earnings are clean and validated by a 0.54% hard-cash dividend.,Neutral: Trade working capital is stable.,No glaring secondary red flags detected.,"Track B. Fired: Operating Leverage, Immaculate Cash Conversion, Dividend Validation",2565.0,2387.0,2529.0,720.0,602.0,195.0,168.0,12.0,12.0,309.0,34.0,91.0,91.0,577.0,615.0,1086.0,866.0,214.0,330.0,254.0,12.0,13.0,121.0,129.0,55.03,55.03,1.57,2.15,10.22,10.12,17.3,0.54,2.0,118.0,115.0,0.0,0.0
AARVI,PROVEN COMPOUNDER,211.0,Micro/Small-Cap (₹211.0Cr) trading at deep value (PE: 11.8). High margin of safety.,Elite Quality: Earnings are clean and validated by a 1.41% hard-cash dividend.,Neutral: Trade working capital is stable.,Debt exceeds hard physical assets,"Track B. Fired: Top-Line Growth, Operating Leverage, Dividend Validation",650.0,510.0,406.0,172.25,167.45,18.0,10.0,3.0,3.0,23.0,3.0,15.0,15.0,27.0,27.0,17.0,18.0,0.0,0.0,8.0,14.0,11.0,58.0,83.0,73.53,73.53,0.0,0.01,0.0,0.0,11.8,1.41,2.0,58.0,83.0,0.0,0.0
ACCELYA,PROVEN COMPOUNDER,1683.0,Micro/Small-Cap (₹1683.0Cr) trading at deep value (PE: 16.1). High margin of safety.,Elite Quality: Earnings are clean and validated by a 7.98% hard-cash dividend.,Neutral: Trade working capital is stable.,No glaring secondary red flags detected.,"Track B. Fired: Elite ROCE, Operating Leverage, Immaculate Cash Conversion, Dividend Validation",529.0,511.0,469.0,136.0,133.0,129.0,94.0,37.0,38.0,194.0,3.0,15.0,15.0,87.0,62.0,144.0,82.0,0.0,15.0,145.0,54.0,57.0,62.0,55.0,74.66,74.66,0.16,0.3,0.05,0.05,16.1,7.98,12.0,62.0,55.0,0.0,0.0
ADOR,HYPER-COMPOUNDER,2117.0,Micro/Small-Cap (₹2117.0Cr) trading at fair/standard multiple (PE: 25.2).,Elite Quality: Earnings are clean and validated by a 1.64% hard-cash dividend.,Neutral: Trade working capital is stable.,No glaring secondary red flags detected.,"Both Tracks. Fired: Margin Turnaround, Smart Money Creep, Operating Leverage, Immaculate Cash Conversion, Dividend Validation",1140.0,1123.0,1074.0,319.0,288.0,82.0,60.0,11.0,9.0,121.0,2.0,17.0,17.0,3.0,2.0,204.0,197.0,3.0,4.0,116.0,22.0,20.0,53.0,64.0,53.76,53.74,0.37,0.14,12.63,12.56,25.2,1.64,15.0,74.0,63.0,0.0,0.0
ADVAIT,PROVEN COMPOUNDER,2623.0,Micro/Small-Cap (₹2623.0Cr) trading at fair/standard multiple (PE: 50.7).,Elite Quality: Earnings are clean and validated by a 0.07% hard-cash dividend.,Neutral: Trade working capital is stable.,"Debt exceeds hard physical assets | Passed survival, but currently burning operating cash flow","Track B. Fired: Elite ROCE, Top-Line Growth, Dividend Validation",715.0,399.0,209.0,228.0,211.0,55.0,32.0,12.0,13.0,84.0,15.0,11.0,11.0,95.0,72.0,85.0,50.0,59.0,2.0,-10.0,28.0,27.0,-62.0,-77.0,66.8,66.8,0.21,0.02,0.13,0.35,50.7,0.07,13.0,76.0,173.0,0.0,0.0
AEPL,PROVEN COMPOUNDER,411.0,Micro/Small-Cap (₹411.0Cr) trading at fair/standard multiple (PE: 47.2).,Elite Quality: Earnings are clean and validated by a 0.03% hard-cash dividend.,WARNING: Receivables piling up. Company is giving away free credit to drive sales.,No glaring secondary red flags detected.,"Track B. Fired: Operating Leverage, Immaculate Cash Conversion, Dividend Validation",80.56,72.35,41.36,40.75,4.26,8.71,7.56,15.45,15.43,12.45,0.21,25.1,25.1,1.71,2.47,13.14,14.34,56.54,55.55,15.02,12.9,11.61,-1126.53,-684.45,72.45,72.45,0.0,0.0,0.0,0.0,47.2,0.03,0.67,179.28,121.33,0.0,0.0
AGI,PROVEN COMPOUNDER,4730.0,Micro/Small-Cap (₹4730.0Cr) trading at deep value (PE: 13.3). High margin of safety.,Elite Quality: Earnings are clean and validated by a 0.96% hard-cash dividend.,Neutral: Trade working capital is stable.,No glaring secondary red flags detected.,"Track B. Fired: Operating Leverage, Immaculate Cash Conversion, Dividend Validation",2665.0,2529.0,2712.0,742.0,634.0,352.0,322.0,22.0,24.0,595.0,48.0,13.0,13.0,241.0,553.0,2023.0,2032.0,195.0,103.0,571.0,20.0,0.0,188.0,79.0,60.39,60.23,6.78,7.24,2.03,2.24,13.3,0.96,90.0,54.0,57.0,0.0,0.0
AGIIL,EARLY INFLECTION,4696.0,Micro/Small-Cap (₹4696.0Cr) trading at fair/standard multiple (PE: 49.5).,Elite Quality: Earnings are clean and validated by a 0.03% hard-cash dividend.,Neutral: Trade working capital is stable.,"Passed survival, but currently burning operating cash flow","Track A. Fired: Margin Turnaround, Smart Money Creep",353.0,325.0,292.0,88.0,88.0,95.0,67.0,35.0,29.0,123.0,15.0,12.0,12.0,186.0,137.0,280.0,275.0,0.0,0.0,-32.0,20.0,22.0,2286.0,1698.0,71.29,72.95,3.98,0.83,0.01,0.02,49.5,0.03,10.0,4.0,4.0,0.0,0.0
AGROPHOS,PROVEN COMPOUNDER,64.0,Micro/Small-Cap (₹64.0Cr) trading at deep value (PE: 9.08). High margin of safety.,Elite Quality: Earnings are clean and validated by a 3.17% hard-cash dividend.,Neutral: Trade working capital is stable.,Debt exceeds hard physical assets,"Track B. Fired: Top-Line Growth, Operating Leverage, Dividend Validation",148.0,120.0,104.0,32.23,35.84,7.0,5.0,11.0,11.0,16.0,4.0,20.0,20.0,30.0,28.0,21.0,23.0,0.0,0.0,4.0,15.0,14.0,92.0,129.0,54.27,54.27,0.0,0.0,0.0,0.0,9.08,3.17,0.0,65.0,68.0,0.0,0.0
ALICON,EARLY INFLECTION,1069.0,Micro/Small-Cap (₹1069.0Cr) trading at fair/standard multiple (PE: 27.2).,Elite Quality: Earnings are clean and validated by a 0.84% hard-cash dividend.,Neutral: Trade working capital is stable.,No glaring secondary red flags detected.,"Track A. Fired: Working Capital Squeeze, Smart Money Creep",1776.0,1720.0,1559.0,494.93,430.09,34.0,46.0,11.0,11.0,195.0,43.0,8.0,8.0,354.0,366.0,589.0,525.0,58.0,64.0,239.0,10.0,12.0,37.0,61.0,54.01,54.01,0.2,0.18,11.53,11.49,27.2,0.84,1.0,110.0,106.0,0.0,0.0
ALMONDZ,EARLY INFLECTION,233.0,Micro/Small-Cap (₹233.0Cr) trading at deep value (PE: 8.13). High margin of safety.,CAUTION: >30% of Net Profit stems from Other Income. Verify asset sales.,Neutral: Trade working capital is stable.,"Debt exceeds hard physical assets | Passed survival, but currently burning operating cash flow","Track A. Fired: Margin Turnaround, Smart Money Creep",174.0,150.0,117.0,55.79,51.95,29.0,17.0,15.0,11.0,25.0,4.0,17.0,17.0,49.0,53.0,47.0,51.0,-0.0,1.0,-4.0,12.0,9.0,114.0,127.0,51.18,51.18,0.02,0.06,0.12,0.0,8.13,0.0,18.0,114.0,127.0,0.0,0.0
AMNPLST,PROVEN COMPOUNDER,1082.0,Micro/Small-Cap (₹1082.0Cr) trading at fair/standard multiple (PE: 29.6).,Elite Quality: Earnings are clean and validated by a 0.25% hard-cash dividend.,Neutral: Trade working capital is stable.,No glaring secondary red flags detected.,"Track B. Fired: Operating Leverage, Immaculate Cash Conversion, Dividend Validation",571.0,661.0,647.0,155.0,142.0,37.0,41.0,10.0,10.0,60.0,5.0,11.0,11.0,27.0,77.0,76.0,80.0,0.0,0.0,66.0,17.0,20.0,109.0,99.0,73.17,73.17,0.0,0.0,0.0,0.0,29.6,0.25,1.0,89.0,74.0,0.0,0.0
AMRUTANJAN,EARLY INFLECTION,1577.0,Micro/Small-Cap (₹1577.0Cr) priced for perfection (PE: 77.4). The easy multi-bagger money may have been made.,Elite Quality: Earnings are clean and validated by a 0.84% hard-cash dividend.,Neutral: Trade working capital is stable.,Promoter holding is passable but low (46.52%),"Track A. Fired: Factory Go-Live, Working Capital Squeeze",177.0,158.0,134.0,0.0,0.0,21.0,15.0,18.0,15.0,31.0,0.0,3.0,3.0,2.0,2.0,29.0,24.0,1.0,4.0,21.0,31.0,26.0,55.0,69.0,46.52,46.52,2.17,2.27,12.66,13.0,77.4,0.84,5.0,57.0,64.0,0.0,0.0
ANDHRSUGAR,HYPER-COMPOUNDER,1144.0,Micro/Small-Cap (₹1144.0Cr) trading at deep value (PE: 11.5). High margin of safety.,Elite Quality: Earnings are clean and validated by a 1.18% hard-cash dividend.,Neutral: Trade working capital is stable.,No glaring secondary red flags detected.,"Both Tracks. Fired: Working Capital Squeeze, Margin Turnaround, Operating Leverage, Immaculate Cash Conversion, Dividend Validation",2466.0,2020.0,1894.0,637.41,631.34,87.0,27.0,8.0,5.0,203.0,2.0,27.0,27.0,1.0,13.0,931.0,952.0,42.0,57.0,278.0,8.0,4.0,79.0,141.0,50.49,50.49,2.53,2.69,0.0,0.0,11.5,1.18,3.0,34.0,35.0,0.0,0.0
APOLSINHOT,HYPER-COMPOUNDER,358.0,Micro/Small-Cap (₹358.0Cr) trading at fair/standard multiple (PE: 30.5).,CAUTION: >30% of Net Profit stems from Other Income. Verify asset sales.,Neutral: Trade working capital is stable.,Debt exceeds hard physical assets,"Both Tracks. Fired: Working Capital Squeeze, Margin Turnaround, Operating Leverage, Immaculate Cash Conversion, Dividend Validation",632.0,542.0,519.0,182.35,161.4,10.0,8.0,5.0,4.0,29.0,8.0,1.0,1.0,91.0,81.0,87.0,67.0,2.0,0.0,40.0,11.0,9.0,-18.0,57.0,64.68,64.68,0.0,0.0,0.0,0.0,30.5,0.18,7.0,65.0,57.0,0.0,0.0
ASHIANA,HYPER-COMPOUNDER,3859.0,Micro/Small-Cap (₹3859.0Cr) trading at fair/standard multiple (PE: 32.7).,CAUTION: >30% of Net Profit stems from Other Income. Verify asset sales.,Neutral: Trade working capital is stable.,Debt exceeds hard physical assets,"Both Tracks. Fired: Margin Turnaround, Smart Money Creep, Operating Leverage, Immaculate Cash Conversion, Dividend Validation",1143.0,529.0,944.0,323.0,362.0,118.0,18.0,11.0,3.0,130.0,2.0,20.0,20.0,323.0,276.0,110.0,128.0,0.0,0.0,342.0,14.0,3.0,1179.0,28.0,61.11,61.11,8.29,7.9,8.07,8.06,32.7,0.65,44.0,14.0,28.0,0.0,0.0
ATULAUTO,EARLY INFLECTION,1315.0,Micro/Small-Cap (₹1315.0Cr) trading at fair/standard multiple (PE: 30.4).,Standard Quality: Earnings driven by core operations. No dividend paid.,Neutral: Trade working capital is stable.,Promoter holding is passable but low (42.7%),"Track A. Fired: Margin Turnaround, Smart Money Creep",824.0,723.0,527.0,241.0,231.0,43.0,18.0,10.0,7.0,84.0,9.0,14.0,14.0,145.0,110.0,237.0,246.0,3.0,1.0,47.0,11.0,6.0,38.0,42.0,42.7,42.7,0.84,0.38,0.1,0.1,30.4,0.0,1.0,30.0,27.0,0.0,0.0
AYMSYNTEX,EARLY INFLECTION,1264.0,Micro/Small-Cap (₹1264.0Cr) priced for perfection (PE: 193.0). The easy multi-bagger money may have been made.,CAUTION: >30% of Net Profit stems from Other Income. Verify asset sales.,Neutral: Trade working capital is stable.,No glaring secondary red flags detected.,"Track A. Fired: Working Capital Squeeze, Smart Money Creep",1365.0,1489.0,1358.0,365.77,323.72,7.0,12.0,7.0,8.0,93.0,32.0,59.0,58.0,188.0,202.0,525.0,482.0,42.0,11.0,151.0,5.0,8.0,27.0,44.0,65.86,65.9,3.42,3.16,0.46,0.41,193.0,0.0,11.0,36.0,32.0,0.0,0.0
BCLIND,HYPER-COMPOUNDER,1097.0,Micro/Small-Cap (₹1097.0Cr) trading at deep value (PE: 9.54). High margin of safety.,Elite Quality: Earnings are clean and validated by a 0.7% hard-cash dividend.,Neutral: Trade working capital is stable.,No glaring secondary red flags detected.,"Both Tracks. Fired: Factory Go-Live, Working Capital Squeeze, Margin Turnaround, Smart Money Creep, Operating Leverage, Immaculate Cash Conversion, Dividend Validation",2792.0,2815.0,2129.0,582.0,726.0,126.0,103.0,9.0,7.0,242.0,33.0,30.0,30.0,569.0,536.0,818.0,634.0,7.0,110.0,325.0,14.0,13.0,49.0,69.0,58.23,58.03,0.43,0.37,0.0,0.02,9.54,0.7,9.0,10.0,17.0,0.0,0.0
BCPL,PROVEN COMPOUNDER,126.0,Micro/Small-Cap (₹126.0Cr) trading at deep value (PE: 19.5). High margin of safety.,CAUTION: >30% of Net Profit stems from Other Income. Verify asset sales.,WARNING: Receivables piling up. Company is giving away free credit to drive sales.,"Debt exceeds hard physical assets | Passed survival, but currently burning operating cash flow","Track B. Fired: Top-Line Growth, Operating Leverage, Dividend Validation",210.0,161.0,88.0,57.92,27.2,7.0,5.0,7.0,6.0,15.0,7.0,17.0,17.0,74.0,75.0,48.0,47.0,0.0,-0.0,-1.0,9.0,8.0,139.0,29.0,72.87,72.87,0.0,0.0,0.0,0.0,19.5,1.33,3.0,43.0,29.0,0.0,0.0
BEARDSELL,PROVEN COMPOUNDER,116.0,Micro/Small-Cap (₹116.0Cr) trading at deep value (PE: 10.2). High margin of safety.,Elite Quality: Earnings are clean and validated by a 0.34% hard-cash dividend.,Neutral: Trade working capital is stable.,No glaring secondary red flags detected.,"Track B. Fired: Operating Leverage, Immaculate Cash Conversion, Dividend Validation",275.0,268.0,245.0,71.78,66.59,11.0,10.0,9.0,9.0,24.0,3.0,8.0,8.0,22.0,29.0,69.0,67.0,1.0,0.0,26.0,17.0,16.0,41.0,31.0,52.68,52.68,0.0,0.0,0.04,0.04,10.2,0.34,2.0,63.0,72.0,0.0,0.0
BEPL,PROVEN COMPOUNDER,2634.0,Micro/Small-Cap (₹2634.0Cr) trading at deep value (PE: 14.6). High margin of safety.,Elite Quality: Earnings are clean and validated by a 3.78% hard-cash dividend.,Neutral: Trade working capital is stable.,No glaring secondary red flags detected.,"Track B. Fired: Elite ROCE, Operating Leverage, Immaculate Cash Conversion, Dividend Validation",1276.0,1398.0,1222.0,342.0,301.0,180.0,180.0,17.0,15.0,216.0,0.0,25.0,25.0,0.0,0.0,133.0,137.0,31.0,11.0,168.0,24.0,25.0,86.0,89.0,57.48,57.48,1.36,1.13,0.0,0.0,14.6,3.78,40.0,73.0,67.0,0.0,0.0
BFUTILITIE,PROVEN COMPOUNDER,2484.0,Micro/Small-Cap (₹2484.0Cr) trading at deep value (PE: 16.3). High margin of safety.,Standard Quality: Earnings driven by core operations. No dividend paid.,WARNING: Receivables piling up. Company is giving away free credit to drive sales.,No glaring secondary red flags detected.,"Track B. Fired: Elite ROCE, Operating Leverage, Immaculate Cash Conversion",837.0,969.0,759.0,235.0,232.0,338.0,304.0,74.0,60.0,619.0,113.0,19.0,19.0,932.0,1298.0,1291.0,1354.0,78.0,54.0,540.0,30.0,28.0,3.0,1.0,56.73,56.73,1.57,1.57,0.05,0.1,16.3,0.0,25.0,3.0,1.0,0.0,0.0
BLACKROSE,HYPER-COMPOUNDER,488.0,Micro/Small-Cap (₹488.0Cr) trading at fair/standard multiple (PE: 21.7).,Elite Quality: Earnings are clean and validated by a 1.1% hard-cash dividend.,WARNING: Receivables piling up. Company is giving away free credit to drive sales.,No glaring secondary red flags detected.,"Both Tracks. Fired: Factory Go-Live, Smart Money Creep, Operating Leverage, Immaculate Cash Conversion, Dividend Validation",323.0,391.0,380.0,104.04,75.15,22.0,21.0,10.0,8.0,33.0,1.0,5.0,5.0,1.0,11.0,50.0,39.0,2.0,9.0,45.0,19.0,19.0,112.0,99.0,75.0,75.0,0.0,0.0,0.15,0.14,21.7,1.1,3.0,79.0,63.0,0.0,0.0
BLSE,PROVEN COMPOUNDER,2063.0,Micro/Small-Cap (₹2063.0Cr) trading at fair/standard multiple (PE: 35.9).,CAUTION: >30% of Net Profit stems from Other Income. Verify asset sales.,Neutral: Trade working capital is stable.,No glaring secondary red flags detected.,"Track B. Fired: Top-Line Growth, Immaculate Cash Conversion, Dividend Validation",1118.0,519.0,301.0,323.0,281.0,69.0,59.0,7.0,12.0,75.0,1.0,91.0,91.0,6.0,7.0,180.0,148.0,15.0,11.0,51.0,17.0,16.0,39.0,-611.0,69.81,68.89,0.46,0.99,0.01,0.11,35.9,0.44,25.0,39.0,66.0,0.0,0.0
BLUSPRING,EARLY INFLECTION,1620.0,Micro/Small-Cap (₹1620.0Cr) trading with zero/calculable PE.,Standard Quality: Earnings driven by core operations. No dividend paid.,Neutral: Trade working capital is stable.,No glaring secondary red flags detected.,"Track A. Fired: Working Capital Squeeze, Smart Money Creep",3382.0,3484.0,2682.0,864.8,862.53,-23.0,-179.0,2.0,2.0,78.0,34.0,149.0,149.0,136.0,140.0,521.0,502.0,0.0,7.0,5.0,5.0,4.0,-109.0,81.0,58.16,58.24,5.71,5.49,8.71,8.81,0.0,0.0,-22.0,59.0,81.0,0.0,0.0
CARRARO,PROVEN COMPOUNDER,3187.0,Micro/Small-Cap (₹3187.0Cr) trading at fair/standard multiple (PE: 23.2).,Elite Quality: Earnings are clean and validated by a 0.81% hard-cash dividend.,Neutral: Trade working capital is stable.,No glaring secondary red flags detected.,"Track B. Fired: Elite ROCE, Operating Leverage, Immaculate Cash Conversion, Dividend Validation",2255.0,1808.0,1789.0,607.0,570.0,131.0,88.0,10.0,9.0,219.0,19.0,57.0,57.0,155.0,191.0,376.0,380.0,0.0,-0.0,135.0,29.0,23.0,38.0,45.0,68.77,68.77,3.01,2.72,17.53,17.11,23.2,0.81,19.0,61.0,59.0,0.0,0.0
CARYSIL,HYPER-COMPOUNDER,3411.0,Micro/Small-Cap (₹3411.0Cr) trading at fair/standard multiple (PE: 34.4).,Elite Quality: Earnings are clean and validated by a 0.2% hard-cash dividend.,Neutral: Trade working capital is stable.,Promoter holding is passable but low (41.34%),"Both Tracks. Fired: Working Capital Squeeze, Smart Money Creep, Operating Leverage, Immaculate Cash Conversion, Dividend Validation",924.0,816.0,684.0,234.0,223.0,99.0,64.0,19.0,17.0,177.0,20.0,6.0,6.0,274.0,276.0,479.0,414.0,25.0,12.0,109.0,18.0,15.0,198.0,251.0,41.34,41.34,1.59,1.55,11.74,11.35,34.4,0.2,12.0,64.0,65.0,0.0,0.0
CNL,EARLY INFLECTION,1131.0,Micro/Small-Cap (₹1131.0Cr) trading at deep value (PE: 16.1). High margin of safety.,Elite Quality: Earnings are clean and validated by a 0.07% hard-cash dividend.,WARNING: Receivables piling up. Company is giving away free credit to drive sales.,"Debt exceeds hard physical assets | Passed survival, but currently burning operating cash flow","Track A. Fired: Factory Go-Live, Smart Money Creep",2705.0,1783.0,1721.0,741.0,914.0,70.0,53.0,3.0,3.0,91.0,21.0,15.0,15.0,324.0,72.0,12.0,8.0,0.0,2.0,-273.0,19.0,21.0,75.0,42.0,56.62,56.62,0.22,0.22,1.08,1.04,16.1,0.07,13.0,76.0,49.0,0.0,0.0
COMSYN,PROVEN COMPOUNDER,659.0,Micro/Small-Cap (₹659.0Cr) trading at fair/standard multiple (PE: 25.0).,Elite Quality: Earnings are clean and validated by a 0.24% hard-cash dividend.,WARNING: Receivables piling up. Company is giving away free credit to drive sales.,Debt exceeds hard physical assets,"Track B. Fired: Operating Leverage, Immaculate Cash Conversion, Dividend Validation",387.0,347.0,288.0,100.56,97.48,26.0,17.0,12.0,10.0,48.0,9.0,40.0,40.0,129.0,115.0,106.0,100.0,26.0,2.0,39.0,14.0,12.0,171.0,172.0,59.18,58.79,0.17,0.0,0.09,0.0,25.0,0.24,3.0,62.0,49.0,0.0,0.0
COSMOFIRST,EARLY INFLECTION,2049.0,Micro/Small-Cap (₹2049.0Cr) trading at deep value (PE: 12.7). High margin of safety.,CAUTION: >30% of Net Profit stems from Other Income. Verify asset sales.,Neutral: Trade working capital is stable.,Promoter holding is passable but low (40.78%),"Track A. Fired: Factory Go-Live, Working Capital Squeeze",3639.0,2895.0,2587.0,1021.0,899.0,156.0,133.0,11.0,10.0,384.0,141.0,26.0,26.0,1680.0,1438.0,2480.0,1820.0,188.0,589.0,397.0,11.0,10.0,10.0,17.0,40.78,40.86,2.13,2.67,1.13,0.84,12.7,0.51,95.0,40.0,39.0,0.0,0.0
CPEDU,HYPER-COMPOUNDER,353.0,Micro/Small-Cap (₹353.0Cr) trading at deep value (PE: 15.4). High margin of safety.,Elite Quality: Earnings are clean and validated by a 1.29% hard-cash dividend.,WARNING: Receivables piling up. Company is giving away free credit to drive sales.,No glaring secondary red flags detected.,"Both Tracks. Fired: Working Capital Squeeze, Smart Money Creep, Elite ROCE, Operating Leverage, Immaculate Cash Conversion, Dividend Validation",51.0,50.0,47.0,10.66,14.63,23.0,19.0,51.0,43.0,26.0,0.0,18.0,18.0,1.0,-0.0,3.0,3.0,-0.0,-0.0,19.0,46.0,48.0,28.0,110.0,63.7,63.7,0.07,0.05,2.42,0.0,15.4,1.29,6.0,28.0,18.0,0.0,0.0
CRIZAC,PROVEN COMPOUNDER,3755.0,Micro/Small-Cap (₹3755.0Cr) trading at deep value (PE: 17.1). High margin of safety.,Elite Quality: Earnings are clean and validated by a 3.73% hard-cash dividend.,Neutral: Trade working capital is stable.,No glaring secondary red flags detected.,"Track B. Fired: Elite ROCE, Top-Line Growth, Operating Leverage, Dividend Validation",1042.0,849.0,530.0,392.0,279.0,219.0,153.0,27.0,25.0,286.0,0.0,35.0,35.0,2.0,0.0,120.0,93.0,0.0,0.0,144.0,52.0,48.0,84.0,110.0,79.94,79.94,2.3,2.48,3.48,3.48,17.1,3.73,29.0,84.0,110.0,0.0,0.0
DALMIASUG,EARLY INFLECTION,2730.0,Micro/Small-Cap (₹2730.0Cr) trading at deep value (PE: 11.9). High margin of safety.,CAUTION: >30% of Net Profit stems from Other Income. Verify asset sales.,WARNING: Receivables piling up. Company is giving away free credit to drive sales.,Debt exceeds hard physical assets,"Track A. Fired: Factory Go-Live, Smart Money Creep",3617.0,3725.0,2899.0,991.0,698.0,236.0,366.0,12.0,13.0,426.0,63.0,16.0,16.0,1803.0,1044.0,1784.0,1657.0,47.0,186.0,219.0,8.0,10.0,230.0,207.0,74.92,74.92,0.72,0.7,0.12,0.09,11.9,1.78,94.0,18.0,12.0,0.0,0.0
DECCANCE,HYPER-COMPOUNDER,797.0,Micro/Small-Cap (₹797.0Cr) trading at fair/standard multiple (PE: 44.6).,CAUTION: >30% of Net Profit stems from Other Income. Verify asset sales.,Neutral: Trade working capital is stable.,No glaring secondary red flags detected.,"Both Tracks. Fired: Factory Go-Live, Working Capital Squeeze, Margin Turnaround, Smart Money Creep, Operating Leverage, Immaculate Cash Conversion, Dividend Validation",636.0,527.0,0.0,213.89,130.85,29.0,8.0,12.0,7.0,77.0,27.0,7.0,7.0,753.0,714.0,1352.0,402.0,3.0,805.0,76.0,3.0,0.0,213.0,386.0,56.24,56.24,14.3,12.85,0.78,0.78,44.6,0.11,21.0,28.0,40.0,0.0,0.0
DEEPINDS,HYPER-COMPOUNDER,3117.0,Micro/Small-Cap (₹3117.0Cr) trading at deep value (PE: 8.42). High margin of safety.,Elite Quality: Earnings are clean and validated by a 0.63% hard-cash dividend.,Neutral: Trade working capital is stable.,No glaring secondary red flags detected.,"Both Tracks. Fired: Factory Go-Live, Working Capital Squeeze, Smart Money Creep, Top-Line Growth, Immaculate Cash Conversion, Dividend Validation",891.0,576.0,427.0,248.71,221.5,197.0,-79.0,40.0,42.0,355.0,18.0,32.0,32.0,203.0,205.0,1472.0,1081.0,56.0,258.0,270.0,16.0,12.0,198.0,373.0,63.49,63.49,1.81,1.71,1.13,1.1,8.42,0.63,-139.0,197.0,373.0,0.0,0.0
DHAMPURSUG,PROVEN COMPOUNDER,908.0,Micro/Small-Cap (₹908.0Cr) trading at deep value (PE: 13.9). High margin of safety.,CAUTION: >30% of Net Profit stems from Other Income. Verify asset sales.,Neutral: Trade working capital is stable.,Promoter holding is passable but low (49.87%),"Track B. Fired: Operating Leverage, Immaculate Cash Conversion, Dividend Validation",1967.0,1957.0,2169.0,491.0,451.0,65.0,52.0,9.0,9.0,173.0,49.0,64.0,65.0,899.0,936.0,1094.0,1132.0,13.0,9.0,243.0,6.0,6.0,189.0,211.0,49.87,49.87,2.41,1.91,0.83,0.58,13.9,1.42,23.0,21.0,28.0,0.0,0.0
DICIND,PROVEN COMPOUNDER,470.0,Micro/Small-Cap (₹470.0Cr) trading at fair/standard multiple (PE: 21.3).,Elite Quality: Earnings are clean and validated by a 0.59% hard-cash dividend.,Neutral: Trade working capital is stable.,No glaring secondary red flags detected.,"Track B. Fired: Operating Leverage, Immaculate Cash Conversion, Dividend Validation",503.0,514.0,443.0,0.0,0.0,22.0,18.0,8.0,7.0,42.0,4.0,9.0,9.0,43.0,49.0,73.0,75.0,9.0,6.0,35.0,15.0,16.0,112.0,109.0,71.75,71.75,0.0,0.0,0.0,0.0,21.3,0.59,5.0,100.0,103.0,0.0,0.0
DIFFNKG,PROVEN COMPOUNDER,1406.0,Micro/Small-Cap (₹1406.0Cr) trading at fair/standard multiple (PE: 27.6).,CAUTION: >30% of Net Profit stems from Other Income. Verify asset sales.,Neutral: Trade working capital is stable.,No glaring secondary red flags detected.,"Track B. Fired: Top-Line Growth, Operating Leverage, Dividend Validation",407.0,335.0,278.0,142.0,101.0,50.0,36.0,14.0,13.0,57.0,2.0,37.0,37.0,29.0,23.0,110.0,98.0,23.0,3.0,23.0,16.0,15.0,159.0,175.0,69.76,69.7,0.41,0.14,8.13,6.8,27.6,0.4,17.0,115.0,92.0,0.0,0.0
DOLLAR,PROVEN COMPOUNDER,1468.0,Micro/Small-Cap (₹1468.0Cr) trading at deep value (PE: 13.7). High margin of safety.,Elite Quality: Earnings are clean and validated by a 1.16% hard-cash dividend.,Neutral: Trade working capital is stable.,Debt exceeds hard physical assets,"Track B. Fired: Operating Leverage, Immaculate Cash Conversion, Dividend Validation",1881.0,1710.0,1572.0,622.0,388.0,107.0,92.0,11.0,11.0,200.0,24.0,11.0,11.0,291.0,344.0,268.0,274.0,6.0,1.0,139.0,14.0,13.0,236.0,275.0,72.48,72.21,4.98,4.36,0.97,1.21,13.7,1.16,7.0,122.0,119.0,0.0,0.0
EIEL,EARLY INFLECTION,3614.0,Micro/Small-Cap (₹3614.0Cr) trading at deep value (PE: 19.1). High margin of safety.,Standard Quality: Earnings driven by core operations. No dividend paid.,Neutral: Trade working capital is stable.,"Debt exceeds hard physical assets | Passed survival, but currently burning operating cash flow","Track A. Fired: Working Capital Squeeze, Smart Money Creep",1146.0,1066.0,729.0,427.0,250.0,188.0,177.0,24.0,25.0,277.0,36.0,176.0,176.0,422.0,234.0,255.0,70.0,114.0,0.0,-63.0,20.0,32.0,-49.0,-13.0,70.19,70.13,0.58,0.4,0.87,1.03,19.1,0.0,34.0,53.0,70.0,0.0,0.0
EKC,PROVEN COMPOUNDER,1274.0,Micro/Small-Cap (₹1274.0Cr) trading at deep value (PE: 8.67). High margin of safety.,Elite Quality: Earnings are clean and validated by a 0.62% hard-cash dividend.,Neutral: Trade working capital is stable.,No glaring secondary red flags detected.,"Track B. Fired: Operating Leverage, Immaculate Cash Conversion, Dividend Validation",1471.0,1499.0,1223.0,358.0,365.0,147.0,98.0,14.0,12.0,203.0,14.0,22.0,22.0,267.0,143.0,593.0,417.0,162.0,163.0,142.0,12.0,12.0,288.0,256.0,67.38,67.38,1.24,1.43,0.23,0.21,8.67,0.62,21.0,55.0,61.0,0.0,0.0
ELITECON,EARLY INFLECTION,4557.0,Micro/Small-Cap (₹4557.0Cr) trading at deep value (PE: 14.2). High margin of safety.,Elite Quality: Earnings are clean and validated by a 0.18% hard-cash dividend.,Neutral: Trade working capital is stable.,Debt exceeds hard physical assets,"Track A. Fired: Factory Go-Live, Working Capital Squeeze, Margin Turnaround, Smart Money Creep",549.0,1.0,1.0,1741.0,2192.0,70.0,0.0,13.0,4.0,69.0,0.0,160.0,160.0,376.0,3.0,109.0,9.0,0.0,8.0,-0.0,0.0,1.0,56.0,317.0,59.43,59.43,38.04,38.0,0.0,0.0,14.2,0.18,3.0,83.0,242.0,0.0,0.0
EMUDHRA,PROVEN COMPOUNDER,3808.0,Micro/Small-Cap (₹3808.0Cr) trading at fair/standard multiple (PE: 36.4).,Elite Quality: Earnings are clean and validated by a 0.27% hard-cash dividend.,Neutral: Trade working capital is stable.,No glaring secondary red flags detected.,"Track B. Fired: Top-Line Growth, Immaculate Cash Conversion, Dividend Validation",702.0,519.0,373.0,193.0,188.0,110.0,87.0,23.0,24.0,159.0,5.0,41.0,41.0,29.0,0.0,727.0,419.0,29.0,17.0,133.0,16.0,15.0,-294.0,-240.0,54.4,54.4,3.13,4.16,13.33,16.75,36.4,0.27,12.0,98.0,102.0,0.0,0.0
FAZE3Q,EARLY INFLECTION,1453.0,Micro/Small-Cap (₹1453.0Cr) trading at fair/standard multiple (PE: 43.3).,Standard Quality: Earnings driven by core operations. No dividend paid.,Neutral: Trade working capital is stable.,No glaring secondary red flags detected.,"Track A. Fired: Working Capital Squeeze, Smart Money Creep",923.0,690.0,565.0,277.0,227.0,34.0,41.0,9.0,13.0,83.0,19.0,24.0,24.0,275.0,192.0,359.0,306.0,12.0,9.0,58.0,9.0,12.0,161.0,216.0,58.01,57.95,0.14,0.0,0.77,0.78,43.3,0.0,10.0,45.0,48.0,0.0,0.0
FILATEX,HYPER-COMPOUNDER,2436.0,Micro/Small-Cap (₹2436.0Cr) trading at deep value (PE: 13.3). High margin of safety.,Elite Quality: Earnings are clean and validated by a 0.46% hard-cash dividend.,Neutral: Trade working capital is stable.,No glaring secondary red flags detected.,"Both Tracks. Fired: Working Capital Squeeze, Margin Turnaround, Smart Money Creep, Operating Leverage, Immaculate Cash Conversion, Dividend Validation",4161.0,4252.0,2874.0,985.0,1050.0,183.0,134.0,8.0,6.0,313.0,19.0,44.0,44.0,150.0,147.0,1316.0,1335.0,97.0,13.0,246.0,17.0,0.0,-4.0,3.0,65.47,65.38,4.22,4.51,2.78,2.38,13.3,0.46,29.0,9.0,11.0,0.0,0.0
FISCHER,EARLY INFLECTION,2352.0,Micro/Small-Cap (₹2352.0Cr) priced for perfection (PE: 75.8). The easy multi-bagger money may have been made.,CAUTION: >30% of Net Profit stems from Other Income. Verify asset sales.,WARNING: Receivables piling up. Company is giving away free credit to drive sales.,"Debt exceeds hard physical assets | Passed survival, but currently burning operating cash flow","Track A. Fired: Working Capital Squeeze, Margin Turnaround, Smart Money Creep",309.0,111.0,21.0,97.73,101.1,31.0,1.0,14.0,3.0,43.0,6.0,65.0,64.0,107.0,85.0,33.0,24.0,3.0,1.0,-101.0,11.0,1.0,111.0,205.0,62.15,61.8,4.97,4.85,1.38,1.36,75.8,0.01,12.0,342.0,251.0,0.0,0.0
FLAIR,PROVEN COMPOUNDER,2945.0,Micro/Small-Cap (₹2945.0Cr) trading at fair/standard multiple (PE: 21.1).,Elite Quality: Earnings are clean and validated by a 0.36% hard-cash dividend.,Neutral: Trade working capital is stable.,No glaring secondary red flags detected.,"Track B. Fired: Operating Leverage, Immaculate Cash Conversion, Dividend Validation",1250.0,1080.0,979.0,323.0,318.0,141.0,119.0,18.0,17.0,225.0,5.0,53.0,53.0,66.0,62.0,482.0,427.0,60.0,23.0,137.0,17.0,16.0,251.0,247.0,78.59,78.59,0.3,0.3,10.34,10.12,21.1,0.36,21.0,80.0,88.0,0.0,0.0
GANDHAR,PROVEN COMPOUNDER,1764.0,Micro/Small-Cap (₹1764.0Cr) trading at deep value (PE: 13.0). High margin of safety.,Elite Quality: Earnings are clean and validated by a 0.42% hard-cash dividend.,Neutral: Trade working capital is stable.,No glaring secondary red flags detected.,"Track B. Fired: Operating Leverage, Immaculate Cash Conversion, Dividend Validation",4241.0,3897.0,4113.0,1093.0,1167.0,137.0,83.0,6.0,5.0,234.0,38.0,20.0,20.0,315.0,305.0,498.0,450.0,29.0,8.0,128.0,13.0,11.0,82.0,79.0,66.47,66.18,0.14,0.34,0.09,0.43,13.0,0.42,14.0,62.0,63.0,0.0,0.0
GLOBAL,EARLY INFLECTION,547.0,Micro/Small-Cap (₹547.0Cr) trading at fair/standard multiple (PE: 20.6).,Elite Quality: Earnings are clean and validated by a 1.4% hard-cash dividend.,Neutral: Trade working capital is stable.,No glaring secondary red flags detected.,"Track A. Fired: Factory Go-Live, Smart Money Creep",94.0,72.0,74.0,24.14,29.0,26.0,28.0,38.0,48.0,36.0,0.0,10.0,10.0,0.0,0.0,18.0,14.0,0.0,2.0,18.0,29.0,37.0,136.0,132.0,72.73,72.5,0.4,0.45,0.06,0.06,20.6,1.4,4.0,164.0,144.0,0.0,0.0
GLOSTERLTD,EARLY INFLECTION,765.0,Micro/Small-Cap (₹765.0Cr) trading at fair/standard multiple (PE: 42.2).,CAUTION: >30% of Net Profit stems from Other Income. Verify asset sales.,Neutral: Trade working capital is stable.,"Passed survival, but currently burning operating cash flow","Track A. Fired: Working Capital Squeeze, Margin Turnaround",1427.0,735.0,646.0,378.4,382.59,18.0,-13.0,10.0,6.0,147.0,72.0,11.0,11.0,959.0,579.0,1261.0,1115.0,62.0,85.0,-142.0,6.0,2.0,210.0,276.0,72.65,72.63,0.0,0.0,14.36,14.5,42.2,2.86,18.0,76.0,65.0,0.0,0.0
GLOBUSSPR,HYPER-COMPOUNDER,2587.0,Micro/Small-Cap (₹2587.0Cr) trading at fair/standard multiple (PE: 28.2).,Elite Quality: Earnings are clean and validated by a 0.31% hard-cash dividend.,Neutral: Trade working capital is stable.,No glaring secondary red flags detected.,"Both Tracks. Fired: Factory Go-Live, Margin Turnaround, Smart Money Creep, Operating Leverage, Immaculate Cash Conversion, Dividend Validation",2710.0,2537.0,2415.0,632.0,717.0,91.0,22.0,10.0,6.0,258.0,58.0,29.0,29.0,527.0,527.0,1249.0,1019.0,37.0,150.0,268.0,11.0,6.0,52.0,-10.0,50.59,50.75,7.52,6.47,10.93,10.11,28.2,0.31,13.0,43.0,46.0,0.0,0.0
GOODLUCK,HYPER-COMPOUNDER,4731.0,Micro/Small-Cap (₹4731.0Cr) trading at fair/standard multiple (PE: 26.2).,Elite Quality: Earnings are clean and validated by a 0.28% hard-cash dividend.,Neutral: Trade working capital is stable.,No glaring secondary red flags detected.,"Both Tracks. Fired: Factory Go-Live, Margin Turnaround, Smart Money Creep, Operating Leverage, Immaculate Cash Conversion, Dividend Validation",4100.0,3936.0,3525.0,1088.0,1037.0,183.0,166.0,10.0,8.0,398.0,106.0,7.0,7.0,1119.0,882.0,1203.0,800.0,121.0,244.0,200.0,14.0,15.0,132.0,112.0,56.44,56.44,1.56,1.48,4.99,4.42,26.2,0.28,20.0,43.0,47.0,0.0,0.0
GULPOLY,HYPER-COMPOUNDER,1306.0,Micro/Small-Cap (₹1306.0Cr) trading at fair/standard multiple (PE: 30.6).,Elite Quality: Earnings are clean and validated by a 0.14% hard-cash dividend.,Neutral: Trade working capital is stable.,No glaring secondary red flags detected.,"Both Tracks. Fired: Margin Turnaround, Smart Money Creep, Top-Line Growth, Immaculate Cash Conversion, Dividend Validation",2020.0,1378.0,1180.0,542.0,593.0,25.0,18.0,5.0,4.0,97.0,28.0,6.0,6.0,453.0,392.0,708.0,718.0,4.0,4.0,42.0,6.0,3.0,49.0,54.0,66.8,66.8,0.29,0.0,0.0,0.0,30.6,0.14,3.0,33.0,44.0,0.0,0.0
HALDYNGL,HYPER-COMPOUNDER,701.0,Micro/Small-Cap (₹701.0Cr) trading at fair/standard multiple (PE: 26.7).,CAUTION: >30% of Net Profit stems from Other Income. Verify asset sales.,Neutral: Trade working capital is stable.,No glaring secondary red flags detected.,"Both Tracks. Fired: Working Capital Squeeze, Smart Money Creep, Top-Line Growth, Operating Leverage, Immaculate Cash Conversion, Dividend Validation",464.0,382.0,299.0,108.24,124.7,25.0,19.0,13.0,14.0,62.0,13.0,5.0,5.0,116.0,128.0,251.0,257.0,2.0,1.0,62.0,14.0,12.0,87.0,184.0,59.01,58.88,0.0,0.0,1.8,1.53,26.7,0.54,13.0,57.0,63.0,0.0,0.0
HARIOMPIPE,PROVEN COMPOUNDER,1286.0,Micro/Small-Cap (₹1286.0Cr) trading at deep value (PE: 17.0). High margin of safety.,Elite Quality: Earnings are clean and validated by a 0.15% hard-cash dividend.,Neutral: Trade working capital is stable.,No glaring secondary red flags detected.,"Track B. Fired: Operating Leverage, Immaculate Cash Conversion, Dividend Validation",1667.0,1604.0,1360.0,507.0,363.0,76.0,62.0,13.0,11.0,209.0,54.0,31.0,31.0,378.0,401.0,484.0,424.0,16.0,12.0,192.0,16.0,14.0,123.0,134.0,57.27,57.27,9.5,9.23,0.06,0.05,17.0,0.15,13.0,41.0,46.0,0.0,0.0
HARSHA,EARLY INFLECTION,3924.0,Micro/Small-Cap (₹3924.0Cr) trading at fair/standard multiple (PE: 25.3).,Elite Quality: Earnings are clean and validated by a 0.35% hard-cash dividend.,Neutral: Trade working capital is stable.,No glaring secondary red flags detected.,"Track A. Fired: Factory Go-Live, Margin Turnaround, Smart Money Creep",1627.0,1408.0,1392.0,474.0,409.0,155.0,89.0,15.0,12.0,240.0,16.0,91.0,91.0,372.0,200.0,660.0,414.0,19.0,161.0,68.0,14.0,12.0,171.0,171.0,75.0,75.0,2.37,0.41,12.42,12.42,25.3,0.35,39.0,85.0,78.0,0.0,0.0
HINDWAREAP,EARLY INFLECTION,2080.0,Micro/Small-Cap (₹2080.0Cr) priced for perfection (PE: 1552.0). The easy multi-bagger money may have been made.,Standard Quality: Earnings driven by core operations. No dividend paid.,Neutral: Trade working capital is stable.,No glaring secondary red flags detected.,"Track A. Fired: Factory Go-Live, Working Capital Squeeze, Margin Turnaround, Smart Money Creep",2510.0,2523.0,2776.0,663.0,640.0,-39.0,-68.0,8.0,6.0,198.0,70.0,17.0,17.0,856.0,889.0,999.0,875.0,94.0,209.0,258.0,7.0,4.0,108.0,174.0,52.74,52.74,3.36,3.1,5.83,5.75,1552.0,0.0,-18.0,61.0,73.0,0.0,0.0
HLEGLAS,EARLY INFLECTION,2605.0,Micro/Small-Cap (₹2605.0Cr) trading at fair/standard multiple (PE: 48.7).,Elite Quality: Earnings are clean and validated by a 0.29% hard-cash dividend.,Neutral: Trade working capital is stable.,No glaring secondary red flags detected.,"Track A. Fired: Working Capital Squeeze, Smart Money Creep",1353.0,1028.0,968.0,392.0,327.0,57.0,62.0,10.0,13.0,140.0,34.0,14.0,14.0,348.0,381.0,627.0,593.0,4.0,5.0,161.0,12.0,13.0,193.0,278.0,65.64,65.64,2.27,2.14,4.88,4.48,48.7,0.29,2.0,73.0,66.0,0.0,0.0
HPAL,EARLY INFLECTION,334.0,Micro/Small-Cap (₹334.0Cr) trading at fair/standard multiple (PE: 44.0).,CAUTION: >30% of Net Profit stems from Other Income. Verify asset sales.,Neutral: Trade working capital is stable.,No glaring secondary red flags detected.,"Track A. Fired: Working Capital Squeeze, Smart Money Creep",249.0,253.0,236.0,57.82,61.97,7.0,18.0,5.0,10.0,13.0,3.0,18.0,18.0,4.0,8.0,73.0,73.0,5.0,4.0,7.0,6.0,14.0,109.0,137.0,71.35,71.35,0.02,0.01,0.0,0.0,44.0,1.1,3.0,55.0,60.0,0.0,0.0
INA,PROVEN COMPOUNDER,2577.0,Micro/Small-Cap (₹2577.0Cr) trading at deep value (PE: 12.8). High margin of safety.,Elite Quality: Earnings are clean and validated by a 0.09% hard-cash dividend.,WARNING: Receivables piling up. Company is giving away free credit to drive sales.,"Debt exceeds hard physical assets | Passed survival, but currently burning operating cash flow","Track B. Fired: Elite ROCE, Top-Line Growth, Dividend Validation",2146.0,1334.0,737.0,794.0,575.0,201.0,126.0,13.0,12.0,287.0,24.0,22.0,22.0,888.0,108.0,525.0,77.0,73.0,46.0,-73.0,22.0,35.0,66.0,32.0,66.12,66.1,1.09,0.79,0.74,0.55,12.8,0.09,18.0,48.0,30.0,0.0,0.0
INDNIPPON,PROVEN COMPOUNDER,2068.0,Micro/Small-Cap (₹2068.0Cr) trading at fair/standard multiple (PE: 20.8).,CAUTION: >30% of Net Profit stems from Other Income. Verify asset sales.,Neutral: Trade working capital is stable.,No glaring secondary red flags detected.,"Track B. Fired: Top-Line Growth, Operating Leverage, Dividend Validation",1068.0,845.0,724.0,299.0,272.0,111.0,82.0,11.0,11.0,119.0,1.0,11.0,11.0,2.0,2.0,173.0,154.0,7.0,4.0,40.0,17.0,15.0,43.0,30.0,70.37,70.37,0.41,0.42,0.06,0.06,20.8,1.7,46.0,71.0,73.0,0.0,0.0
INDORAMA,EARLY INFLECTION,1206.0,Micro/Small-Cap (₹1206.0Cr) trading at deep value (PE: 7.88). High margin of safety.,Standard Quality: Earnings driven by core operations. No dividend paid.,WARNING: Receivables piling up. Company is giving away free credit to drive sales.,No glaring secondary red flags detected.,"Track A. Fired: Margin Turnaround, Smart Money Creep",4910.0,4259.0,3873.0,1202.0,1182.0,150.0,1.0,6.0,4.0,312.0,130.0,261.0,261.0,1133.0,1136.0,1232.0,1264.0,42.0,36.0,134.0,18.0,10.0,-58.0,-63.0,74.84,74.84,0.24,0.21,0.92,0.92,7.88,0.0,16.0,18.0,14.0,0.0,0.0
INNOVANA,EARLY INFLECTION,653.0,Micro/Small-Cap (₹653.0Cr) trading at deep value (PE: 17.1). High margin of safety.,CAUTION: >30% of Net Profit stems from Other Income. Verify asset sales.,Neutral: Trade working capital is stable.,No glaring secondary red flags detected.,"Track A. Fired: Factory Go-Live, Smart Money Creep",132.0,103.0,101.0,32.6,34.89,37.0,45.0,35.0,54.0,46.0,5.0,21.0,20.0,58.0,44.0,84.0,59.0,5.0,12.0,27.0,16.0,26.0,118.0,103.0,72.65,72.65,1.18,1.11,1.09,1.09,17.1,0.0,13.0,121.0,103.0,0.0,0.0
IOLCP,PROVEN COMPOUNDER,3822.0,Micro/Small-Cap (₹3822.0Cr) trading at fair/standard multiple (PE: 26.2).,Elite Quality: Earnings are clean and validated by a 0.77% hard-cash dividend.,Neutral: Trade working capital is stable.,No glaring secondary red flags detected.,"Track B. Fired: Operating Leverage, Immaculate Cash Conversion, Dividend Validation",2319.0,2079.0,2133.0,619.0,580.0,138.0,101.0,12.0,10.0,269.0,15.0,59.0,59.0,135.0,117.0,1184.0,1171.0,94.0,22.0,214.0,11.0,9.0,68.0,73.0,57.48,52.62,1.72,2.08,0.02,0.03,26.2,0.77,10.0,95.0,90.0,0.0,0.0
ISFT,EARLY INFLECTION,132.0,Micro/Small-Cap (₹132.0Cr) trading at deep value (PE: 9.95). High margin of safety.,Standard Quality: Earnings driven by core operations. No dividend paid.,Neutral: Trade working capital is stable.,Promoter holding is passable but low (43.06%),"Track A. Fired: Factory Go-Live, Working Capital Squeeze",534.0,507.0,485.0,136.05,136.67,13.0,13.0,3.0,4.0,17.0,1.0,16.0,16.0,17.0,13.0,284.0,12.0,0.0,221.0,0.0,6.0,6.0,-1.0,7.0,43.06,43.06,0.07,0.07,0.0,0.0,9.95,0.0,0.0,3.0,3.0,0.0,0.0
IWP,EARLY INFLECTION,217.0,Micro/Small-Cap (₹217.0Cr) trading at fair/standard multiple (PE: 47.6).,CAUTION: >30% of Net Profit stems from Other Income. Verify asset sales.,Neutral: Trade working capital is stable.,No glaring secondary red flags detected.,"Track A. Fired: Working Capital Squeeze, Smart Money Creep",229.0,226.0,192.0,68.5,53.32,5.0,5.0,7.0,7.0,15.0,7.0,13.0,13.0,68.0,80.0,386.0,385.0,0.0,0.0,24.0,3.0,3.0,160.0,213.0,71.26,71.12,0.0,0.0,0.31,0.31,47.6,0.44,2.0,74.0,78.0,0.0,0.0
JARO,PROVEN COMPOUNDER,1158.0,Micro/Small-Cap (₹1158.0Cr) trading at fair/standard multiple (PE: 29.2).,Elite Quality: Earnings are clean and validated by a 0.38% hard-cash dividend.,Neutral: Trade working capital is stable.,"Debt exceeds hard physical assets | Passed survival, but currently burning operating cash flow","Track B. Fired: Top-Line Growth, Operating Leverage, Dividend Validation",199.0,122.0,85.0,0.0,0.0,38.0,12.0,31.0,20.0,63.0,5.0,15.0,15.0,41.0,54.0,17.0,29.0,0.0,0.0,-17.0,40.0,17.0,21.0,24.0,57.28,57.33,0.78,1.94,4.87,7.49,29.2,0.38,1.0,21.0,24.0,0.0,0.0
JAYBARMARU,HYPER-COMPOUNDER,1835.0,Micro/Small-Cap (₹1835.0Cr) trading at deep value (PE: 13.1). High margin of safety.,Elite Quality: Earnings are clean and validated by a 0.41% hard-cash dividend.,Neutral: Trade working capital is stable.,No glaring secondary red flags detected.,"Both Tracks. Fired: Factory Go-Live, Margin Turnaround, Smart Money Creep, Operating Leverage, Immaculate Cash Conversion, Dividend Validation",2551.0,2290.0,2292.0,766.0,645.0,140.0,33.0,11.0,7.0,283.0,44.0,22.0,22.0,531.0,540.0,1173.0,922.0,110.0,308.0,197.0,17.0,8.0,12.0,0.0,59.35,59.35,1.33,0.9,0.03,0.03,13.1,0.41,5.0,17.0,14.0,0.0,0.0
JETFREIGHT,EARLY INFLECTION,103.0,Micro/Small-Cap (₹103.0Cr) trading at deep value (PE: 15.2). High margin of safety.,CAUTION: >30% of Net Profit stems from Other Income. Verify asset sales.,Neutral: Trade working capital is stable.,"Debt exceeds hard physical assets | Passed survival, but currently burning operating cash flow","Track A. Fired: Margin Turnaround, Smart Money Creep",444.0,442.0,401.0,127.6,113.2,7.0,4.0,4.0,3.0,17.0,7.0,23.0,23.0,74.0,65.0,25.0,27.0,0.0,0.0,-8.0,14.0,11.0,79.0,64.0,50.92,50.92,0.03,0.0,0.0,0.0,15.2,0.0,4.0,79.0,64.0,0.0,0.0
JINDRILL,HYPER-COMPOUNDER,1681.0,Micro/Small-Cap (₹1681.0Cr) trading at deep value (PE: 7.87). High margin of safety.,CAUTION: >30% of Net Profit stems from Other Income. Verify asset sales.,Neutral: Trade working capital is stable.,No glaring secondary red flags detected.,"Both Tracks. Fired: Margin Turnaround, Smart Money Creep, Top-Line Growth, Immaculate Cash Conversion, Dividend Validation",997.0,828.0,617.0,263.0,242.0,211.0,216.0,35.0,29.0,349.0,8.0,14.0,14.0,93.0,164.0,1185.0,1294.0,7.0,-0.0,178.0,15.0,16.0,82.0,90.0,66.78,66.44,0.62,0.85,0.0,0.0,7.87,0.17,80.0,82.0,90.0,0.0,0.0
JTEKTINDIA,PROVEN COMPOUNDER,3809.0,Micro/Small-Cap (₹3809.0Cr) trading at fair/standard multiple (PE: 48.5).,Elite Quality: Earnings are clean and validated by a 0.51% hard-cash dividend.,Neutral: Trade working capital is stable.,No glaring secondary red flags detected.,"Track B. Fired: Top-Line Growth, Operating Leverage, Immaculate Cash Conversion, Dividend Validation",2044.0,1589.0,1333.0,584.0,478.0,87.0,41.0,9.0,8.0,187.0,5.0,24.0,24.0,69.0,62.0,499.0,481.0,42.0,25.0,95.0,16.0,9.0,43.0,38.0,74.98,74.98,0.48,0.46,11.14,11.12,48.5,0.51,5.0,50.0,56.0,0.0,0.0
JUBLCPL,PROVEN COMPOUNDER,2829.0,Micro/Small-Cap (₹2829.0Cr) trading at fair/standard multiple (PE: 21.7).,Standard Quality: Earnings driven by core operations. No dividend paid.,Neutral: Trade working capital is stable.,No glaring secondary red flags detected.,"Track B. Fired: Elite ROCE, Top-Line Growth, Operating Leverage",1891.0,1541.0,1244.0,485.0,451.0,128.0,88.0,10.0,10.0,196.0,7.0,15.0,15.0,51.0,78.0,201.0,180.0,27.0,21.0,75.0,40.0,33.0,80.0,79.0,74.36,74.37,0.27,0.24,0.14,0.15,21.7,0.0,1.0,79.0,68.0,0.0,0.0
KCP,PROVEN COMPOUNDER,2164.0,Micro/Small-Cap (₹2164.0Cr) trading at deep value (PE: 10.7). High margin of safety.,Elite Quality: Earnings are clean and validated by a 0.15% hard-cash dividend.,Neutral: Trade working capital is stable.,Promoter holding is passable but low (44.25%),"Track B. Fired: Operating Leverage, Immaculate Cash Conversion, Dividend Validation",2576.0,2529.0,2846.0,684.0,614.0,276.0,253.0,13.0,13.0,343.0,33.0,13.0,13.0,664.0,542.0,877.0,905.0,401.0,169.0,206.0,12.0,13.0,206.0,175.0,44.25,44.25,2.64,2.75,0.55,0.55,10.7,0.15,64.0,22.0,27.0,0.0,0.0
KKCL,PROVEN COMPOUNDER,3041.0,Micro/Small-Cap (₹3041.0Cr) trading at fair/standard multiple (PE: 21.4).,Elite Quality: Earnings are clean and validated by a 0.81% hard-cash dividend.,Neutral: Trade working capital is stable.,No glaring secondary red flags detected.,"Track B. Fired: Top-Line Growth, Immaculate Cash Conversion, Dividend Validation",1213.0,1003.0,860.0,324.0,301.0,152.0,149.0,20.0,19.0,238.0,14.0,62.0,62.0,128.0,164.0,486.0,486.0,11.0,0.0,183.0,18.0,18.0,201.0,398.0,74.29,74.28,2.32,2.33,8.6,8.83,21.4,0.81,24.0,97.0,114.0,0.0,0.0
KOTHARIPET,EARLY INFLECTION,722.0,Micro/Small-Cap (₹722.0Cr) priced for perfection (PE: 76.2). The easy multi-bagger money may have been made.,Elite Quality: Earnings are clean and validated by a 0.82% hard-cash dividend.,Neutral: Trade working capital is stable.,No glaring secondary red flags detected.,"Track A. Fired: Working Capital Squeeze, Smart Money Creep",212.0,278.0,334.0,0.0,0.0,10.0,12.0,7.0,7.0,15.0,1.0,59.0,59.0,18.0,23.0,53.0,52.0,2.0,2.0,16.0,18.0,23.0,16.0,26.0,72.22,72.22,0.01,0.0,0.09,0.09,76.2,0.82,3.0,28.0,31.0,0.0,0.0
KSOLVES,PROVEN COMPOUNDER,690.0,Micro/Small-Cap (₹690.0Cr) trading at fair/standard multiple (PE: 20.1).,Elite Quality: Earnings are clean and validated by a 5.33% hard-cash dividend.,Neutral: Trade working capital is stable.,No glaring secondary red flags detected.,"Track B. Fired: Elite ROCE, Top-Line Growth, Immaculate Cash Conversion, Dividend Validation",163.0,137.0,109.0,43.03,42.3,34.0,34.0,30.0,35.0,48.0,1.0,12.0,12.0,6.0,14.0,6.0,7.0,0.0,0.0,31.0,131.0,157.0,70.0,56.0,58.92,58.94,0.08,0.12,0.01,0.01,20.1,5.33,1.0,70.0,56.0,0.0,0.0
LANDMARK,PROVEN COMPOUNDER,1767.0,Micro/Small-Cap (₹1767.0Cr) trading at fair/standard multiple (PE: 45.2).,CAUTION: >30% of Net Profit stems from Other Income. Verify asset sales.,Neutral: Trade working capital is stable.,Debt exceeds hard physical assets | Promoter holding is passable but low (49.8%),"Track B. Fired: Top-Line Growth, Operating Leverage, Immaculate Cash Conversion, Dividend Validation",4896.0,4026.0,3288.0,1279.0,1345.0,38.0,17.0,5.0,6.0,265.0,80.0,21.0,21.0,876.0,870.0,778.0,762.0,2.0,3.0,267.0,9.0,8.0,61.0,72.0,49.8,49.76,5.05,9.82,20.78,16.51,45.2,0.12,15.0,12.0,16.0,0.0,0.0
LUMAXIND,HYPER-COMPOUNDER,4936.0,Micro/Small-Cap (₹4936.0Cr) trading at fair/standard multiple (PE: 26.5).,Elite Quality: Earnings are clean and validated by a 0.66% hard-cash dividend.,Neutral: Trade working capital is stable.,No glaring secondary red flags detected.,"Both Tracks. Fired: Factory Go-Live, Margin Turnaround, Smart Money Creep, Top-Line Growth, Immaculate Cash Conversion, Dividend Validation",4184.0,3400.0,2637.0,1200.0,1053.0,172.0,140.0,10.0,8.0,405.0,74.0,9.0,9.0,973.0,888.0,1434.0,1106.0,105.0,212.0,373.0,18.0,16.0,0.0,-6.0,75.0,75.0,1.63,1.38,6.07,5.71,26.5,0.66,43.0,55.0,50.0,0.0,0.0
MAHEPC,EARLY INFLECTION,326.0,Micro/Small-Cap (₹326.0Cr) trading at fair/standard multiple (PE: 23.0).,Standard Quality: Earnings driven by core operations. No dividend paid.,Neutral: Trade working capital is stable.,"Debt exceeds hard physical assets | Passed survival, but currently burning operating cash flow","Track A. Fired: Working Capital Squeeze, Margin Turnaround, Smart Money Creep",312.0,273.0,262.0,107.0,93.47,13.0,7.0,7.0,5.0,22.0,3.0,28.0,28.0,45.0,25.0,19.0,20.0,0.0,0.0,-16.0,10.0,7.0,103.0,145.0,54.2,54.2,0.02,0.01,0.0,0.0,23.0,0.0,2.0,254.0,232.0,0.0,0.0
MALLCOM,EARLY INFLECTION,686.0,Micro/Small-Cap (₹686.0Cr) trading at fair/standard multiple (PE: 22.8).,Elite Quality: Earnings are clean and validated by a 0.27% hard-cash dividend.,Neutral: Trade working capital is stable.,No glaring secondary red flags detected.,"Track A. Fired: Factory Go-Live, Smart Money Creep",540.0,487.0,421.0,146.69,131.2,30.0,57.0,11.0,12.0,60.0,8.0,6.0,6.0,120.0,116.0,224.0,129.0,0.0,74.0,35.0,11.0,14.0,159.0,190.0,73.68,73.68,0.0,0.0,0.01,0.0,22.8,0.27,1.0,58.0,63.0,0.0,0.0
MANAKSIA,EARLY INFLECTION,388.0,Micro/Small-Cap (₹388.0Cr) trading at deep value (PE: 7.41). High margin of safety.,CAUTION: >30% of Net Profit stems from Other Income. Verify asset sales.,Neutral: Trade working capital is stable.,"Passed survival, but currently burning operating cash flow","Track A. Fired: Working Capital Squeeze, Smart Money Creep",784.0,731.0,702.0,237.0,184.0,53.0,58.0,5.0,7.0,41.0,4.0,13.0,13.0,30.0,26.0,54.0,48.0,51.0,6.0,-11.0,11.0,12.0,48.0,61.0,74.93,74.93,0.98,0.95,0.0,0.0,7.41,0.0,39.0,33.0,33.0,0.0,0.0
MAYURUNIQ,PROVEN COMPOUNDER,3590.0,Micro/Small-Cap (₹3590.0Cr) trading at deep value (PE: 18.7). High margin of safety.,Elite Quality: Earnings are clean and validated by a 0.61% hard-cash dividend.,Neutral: Trade working capital is stable.,No glaring secondary red flags detected.,"Track B. Fired: Elite ROCE, Operating Leverage, Dividend Validation",967.0,880.0,803.0,273.0,237.0,192.0,149.0,24.0,22.0,235.0,1.0,22.0,22.0,8.0,9.0,213.0,222.0,3.0,1.0,133.0,25.0,22.0,197.0,177.0,58.77,58.59,3.68,3.23,3.65,3.32,18.7,0.61,55.0,79.0,76.0,0.0,0.0
MEGASTAR,PROVEN COMPOUNDER,377.0,Micro/Small-Cap (₹377.0Cr) trading at fair/standard multiple (PE: 40.6).,Standard Quality: Earnings driven by core operations. No dividend paid.,Neutral: Trade working capital is stable.,No glaring secondary red flags detected.,"Track B. Fired: Top-Line Growth, Operating Leverage, Immaculate Cash Conversion",533.0,361.0,275.0,146.06,141.21,9.0,4.0,7.0,6.0,35.0,14.0,11.0,11.0,131.0,132.0,148.0,150.0,0.0,0.0,27.0,12.0,9.0,70.0,83.0,61.47,61.47,1.72,1.06,2.27,1.79,40.6,0.0,1.0,34.0,42.0,0.0,0.0
MENNPIS,PROVEN COMPOUNDER,283.0,Micro/Small-Cap (₹283.0Cr) trading at deep value (PE: 11.0). High margin of safety.,Elite Quality: Earnings are clean and validated by a 1.8% hard-cash dividend.,Neutral: Trade working capital is stable.,No glaring secondary red flags detected.,"Track B. Fired: Elite ROCE, Immaculate Cash Conversion, Dividend Validation",304.0,254.0,256.0,73.22,76.1,26.0,24.0,15.0,18.0,47.0,4.0,5.0,5.0,5.0,17.0,114.0,91.0,4.0,0.0,51.0,22.0,22.0,72.0,108.0,74.37,74.37,0.0,0.0,0.0,0.0,11.0,1.8,3.0,55.0,79.0,0.0,0.0
MMP,PROVEN COMPOUNDER,686.0,Micro/Small-Cap (₹686.0Cr) trading at deep value (PE: 17.8). High margin of safety.,Elite Quality: Earnings are clean and validated by a 0.74% hard-cash dividend.,Neutral: Trade working capital is stable.,No glaring secondary red flags detected.,"Track B. Fired: Top-Line Growth, Immaculate Cash Conversion, Dividend Validation",824.0,692.0,579.0,250.0,203.0,31.0,39.0,8.0,9.0,65.0,13.0,25.0,25.0,185.0,156.0,250.0,223.0,38.0,28.0,53.0,12.0,14.0,102.0,123.0,74.48,74.48,0.02,0.01,0.0,0.0,17.8,0.74,-0.0,39.0,47.0,0.0,0.0
MODIS,EARLY INFLECTION,682.0,Micro/Small-Cap (₹682.0Cr) trading at fair/standard multiple (PE: 23.4).,Standard Quality: Earnings driven by core operations. No dividend paid.,WARNING: Receivables piling up. Company is giving away free credit to drive sales.,"Debt exceeds hard physical assets | Passed survival, but currently burning operating cash flow","Track A. Fired: Working Capital Squeeze, Margin Turnaround",189.0,75.0,21.0,51.49,54.43,29.0,8.0,19.0,12.0,35.0,2.0,20.0,20.0,6.0,3.0,1.0,0.0,0.0,0.0,-2.0,30.0,13.0,17.0,624.0,63.79,63.79,8.82,11.17,1.16,1.16,23.4,0.0,3.0,17.0,5.0,0.0,0.0
MONARCH,PROVEN COMPOUNDER,2778.0,Micro/Small-Cap (₹2778.0Cr) trading at deep value (PE: 15.3). High margin of safety.,Elite Quality: Earnings are clean and validated by a 0.29% hard-cash dividend.,WARNING: Receivables piling up. Company is giving away free credit to drive sales.,Debt exceeds hard physical assets,"Track B. Fired: Elite ROCE, Operating Leverage, Dividend Validation",372.0,328.0,278.0,100.0,91.0,181.0,149.0,69.0,66.0,258.0,7.0,79.0,78.0,37.0,9.0,21.0,21.0,0.0,0.0,114.0,28.0,33.0,210.0,70.0,53.86,53.41,1.47,1.44,0.15,0.15,15.3,0.29,1.0,210.0,70.0,0.0,0.0
MONTECARLO,PROVEN COMPOUNDER,1162.0,Micro/Small-Cap (₹1162.0Cr) trading at deep value (PE: 10.4). High margin of safety.,CAUTION: >30% of Net Profit stems from Other Income. Verify asset sales.,Neutral: Trade working capital is stable.,Debt exceeds hard physical assets,"Track B. Fired: Operating Leverage, Immaculate Cash Conversion, Dividend Validation",1276.0,1100.0,1062.0,280.3,608.38,112.0,81.0,18.0,17.0,227.0,51.0,21.0,21.0,580.0,514.0,389.0,390.0,24.0,0.0,100.0,14.0,13.0,384.0,381.0,73.17,73.17,1.29,1.18,1.57,1.47,10.4,3.57,36.0,143.0,138.0,0.0,0.0
MPSLTD,PROVEN COMPOUNDER,3100.0,Micro/Small-Cap (₹3100.0Cr) trading at deep value (PE: 18.5). High margin of safety.,Elite Quality: Earnings are clean and validated by a 4.58% hard-cash dividend.,Neutral: Trade working capital is stable.,No glaring secondary red flags detected.,"Track B. Fired: Elite ROCE, Operating Leverage, Immaculate Cash Conversion, Dividend Validation",768.0,727.0,545.0,205.0,182.0,173.0,149.0,31.0,29.0,236.0,2.0,17.0,17.0,61.0,4.0,540.0,343.0,0.0,3.0,197.0,39.0,41.0,63.0,59.0,68.34,68.34,1.47,1.63,1.96,1.16,18.5,4.58,23.0,63.0,59.0,0.0,0.0
MSTCLTD,EARLY INFLECTION,4877.0,Micro/Small-Cap (₹4877.0Cr) trading at fair/standard multiple (PE: 22.3).,CAUTION: >30% of Net Profit stems from Other Income. Verify asset sales.,Neutral: Trade working capital is stable.,"Passed survival, but currently burning operating cash flow","Track A. Fired: Working Capital Squeeze, Smart Money Creep",370.0,311.0,316.0,119.0,88.0,218.0,407.0,59.0,57.0,219.0,0.0,70.0,70.0,145.0,145.0,206.0,65.0,0.0,0.0,-28.0,30.0,29.0,224.0,363.0,64.75,64.75,3.93,3.8,1.2,1.22,22.3,5.85,83.0,224.0,363.0,0.0,0.0
MUFTI,PROVEN COMPOUNDER,588.0,Micro/Small-Cap (₹588.0Cr) trading at deep value (PE: 8.5). High margin of safety.,Elite Quality: Earnings are clean and validated by a 3.34% hard-cash dividend.,Neutral: Trade working capital is stable.,No glaring secondary red flags detected.,"Track B. Fired: Operating Leverage, Immaculate Cash Conversion, Dividend Validation",618.0,567.0,498.0,153.0,156.0,68.0,59.0,29.0,28.0,181.0,25.0,13.0,13.0,237.0,253.0,291.0,281.0,1.0,1.0,159.0,19.0,19.0,246.0,293.0,55.01,55.01,0.46,0.46,3.36,2.33,8.5,3.34,5.0,141.0,137.0,0.0,0.0
NAHARPOLY,EARLY INFLECTION,621.0,Micro/Small-Cap (₹621.0Cr) trading at deep value (PE: 7.88). High margin of safety.,CAUTION: >30% of Net Profit stems from Other Income. Verify asset sales.,Neutral: Trade working capital is stable.,No glaring secondary red flags detected.,"Track A. Fired: Margin Turnaround, Smart Money Creep",704.0,666.0,600.0,168.0,167.0,79.0,47.0,15.0,11.0,107.0,8.0,13.0,13.0,79.0,96.0,180.0,210.0,22.0,-0.0,50.0,11.0,6.0,56.0,47.0,72.51,72.28,0.03,0.03,0.01,0.01,7.88,0.4,24.0,12.0,17.0,0.0,0.0
NCLIND,HYPER-COMPOUNDER,868.0,Micro/Small-Cap (₹868.0Cr) trading at deep value (PE: 6.62). High margin of safety.,Elite Quality: Earnings are clean and validated by a 1.56% hard-cash dividend.,Neutral: Trade working capital is stable.,Promoter holding is passable but low (41.56%),"Both Tracks. Fired: Factory Go-Live, Smart Money Creep, Operating Leverage, Immaculate Cash Conversion, Dividend Validation",1422.0,1799.0,2104.0,400.0,343.0,95.0,25.0,13.0,6.0,190.0,19.0,45.0,45.0,239.0,252.0,1121.0,953.0,2.0,148.0,145.0,14.0,7.0,132.0,141.0,41.56,40.95,3.87,3.95,0.2,0.16,6.62,1.56,-7.0,30.0,28.0,0.0,0.0
NDRAUTO,PROVEN COMPOUNDER,2034.0,Micro/Small-Cap (₹2034.0Cr) trading at fair/standard multiple (PE: 32.6).,Elite Quality: Earnings are clean and validated by a 0.47% hard-cash dividend.,Neutral: Trade working capital is stable.,No glaring secondary red flags detected.,"Track B. Fired: Elite ROCE, Top-Line Growth, Operating Leverage, Immaculate Cash Conversion, Dividend Validation",823.0,713.0,602.0,229.0,208.0,62.0,53.0,11.0,10.0,91.0,3.0,24.0,24.0,62.0,32.0,269.0,153.0,19.0,28.0,55.0,22.0,23.0,-1.0,-11.0,73.13,73.13,0.08,0.05,0.0,0.0,32.6,0.47,13.0,45.0,48.0,0.0,0.0
NELCAST,PROVEN COMPOUNDER,1194.0,Micro/Small-Cap (₹1194.0Cr) trading at fair/standard multiple (PE: 24.6).,Elite Quality: Earnings are clean and validated by a 0.51% hard-cash dividend.,Neutral: Trade working capital is stable.,No glaring secondary red flags detected.,"Track B. Fired: Operating Leverage, Immaculate Cash Conversion, Dividend Validation",1328.0,1252.0,1267.0,368.0,330.0,48.0,37.0,8.0,7.0,110.0,33.0,17.0,17.0,257.0,294.0,503.0,512.0,0.0,2.0,92.0,11.0,10.0,51.0,54.0,74.87,74.87,0.36,0.45,0.11,0.11,24.6,0.51,14.0,98.0,99.0,0.0,0.0
NGLFINE,HYPER-COMPOUNDER,1888.0,Micro/Small-Cap (₹1888.0Cr) trading at fair/standard multiple (PE: 39.2).,CAUTION: >30% of Net Profit stems from Other Income. Verify asset sales.,Neutral: Trade working capital is stable.,No glaring secondary red flags detected.,"Both Tracks. Fired: Margin Turnaround, Smart Money Creep, Operating Leverage, Immaculate Cash Conversion, Dividend Validation",501.0,368.0,339.0,149.0,128.0,48.0,21.0,15.0,9.0,73.0,4.0,3.0,3.0,108.0,77.0,164.0,143.0,95.0,50.0,43.0,17.0,9.0,104.0,68.0,72.73,72.74,0.03,0.0,0.0,0.0,39.2,0.06,15.0,95.0,81.0,0.0,0.0
NILASPACES,HYPER-COMPOUNDER,512.0,Micro/Small-Cap (₹512.0Cr) trading at deep value (PE: 17.9). High margin of safety.,CAUTION: >30% of Net Profit stems from Other Income. Verify asset sales.,Neutral: Trade working capital is stable.,"Debt exceeds hard physical assets | Passed survival, but currently burning operating cash flow","Both Tracks. Fired: Margin Turnaround, Smart Money Creep, Elite ROCE, Top-Line Growth, Operating Leverage",185.0,136.0,91.0,49.8,52.2,29.0,15.0,31.0,24.0,57.0,25.0,39.0,39.0,79.0,22.0,27.0,26.0,0.0,0.0,-29.0,31.0,24.0,836.0,3.0,61.9,61.9,0.05,0.03,0.0,0.0,17.9,0.0,13.0,2.0,3.0,0.0,0.0
NILE,PROVEN COMPOUNDER,529.0,Micro/Small-Cap (₹529.0Cr) trading at deep value (PE: 9.57). High margin of safety.,Elite Quality: Earnings are clean and validated by a 0.28% hard-cash dividend.,Neutral: Trade working capital is stable.,No glaring secondary red flags detected.,"Track B. Fired: Operating Leverage, Immaculate Cash Conversion, Dividend Validation",1041.0,920.0,838.0,230.0,291.0,55.0,36.0,7.0,6.0,78.0,2.0,3.0,3.0,12.0,22.0,63.0,62.0,25.0,14.0,83.0,25.0,20.0,75.0,91.0,50.39,50.39,0.16,0.16,0.28,0.27,9.57,0.28,4.0,30.0,36.0,0.0,0.0
NITTAGELA,HYPER-COMPOUNDER,1433.0,Micro/Small-Cap (₹1433.0Cr) trading at deep value (PE: 14.6). High margin of safety.,Elite Quality: Earnings are clean and validated by a 0.38% hard-cash dividend.,Neutral: Trade working capital is stable.,No glaring secondary red flags detected.,"Both Tracks. Fired: Working Capital Squeeze, Smart Money Creep, Elite ROCE, Operating Leverage, Immaculate Cash Conversion, Dividend Validation",588.0,533.0,533.0,162.0,150.0,97.0,84.0,23.0,20.0,136.0,1.0,9.0,9.0,4.0,31.0,149.0,117.0,14.0,19.0,122.0,27.0,25.0,127.0,162.0,74.49,74.49,0.0,0.0,0.93,0.75,14.6,0.38,12.0,61.0,65.0,0.0,0.0
NRBBEARING,PROVEN COMPOUNDER,4151.0,Micro/Small-Cap (₹4151.0Cr) trading at fair/standard multiple (PE: 28.1).,Elite Quality: Earnings are clean and validated by a 1.86% hard-cash dividend.,Neutral: Trade working capital is stable.,No glaring secondary red flags detected.,"Track B. Fired: Operating Leverage, Immaculate Cash Conversion, Dividend Validation",1335.0,1199.0,1094.0,372.0,328.0,146.0,82.0,17.0,17.0,232.0,9.0,19.0,19.0,154.0,187.0,422.0,377.0,43.0,40.0,241.0,19.0,16.0,281.0,332.0,51.2,51.2,14.69,14.12,10.06,10.31,28.1,1.86,27.0,67.0,66.0,0.0,0.0
ORIENTBELL,HYPER-COMPOUNDER,484.0,Micro/Small-Cap (₹484.0Cr) trading at fair/standard multiple (PE: 36.1).,Elite Quality: Earnings are clean and validated by a 0.15% hard-cash dividend.,Neutral: Trade working capital is stable.,No glaring secondary red flags detected.,"Both Tracks. Fired: Working Capital Squeeze, Margin Turnaround, Smart Money Creep, Operating Leverage, Immaculate Cash Conversion, Dividend Validation",691.0,670.0,674.0,214.64,168.82,12.0,3.0,6.0,4.0,40.0,4.0,15.0,15.0,31.0,46.0,262.0,278.0,0.0,1.0,48.0,6.0,2.0,10.0,14.0,65.92,65.56,0.19,0.18,0.03,0.03,36.1,0.15,3.0,60.0,71.0,0.0,0.0
ORIENTCER,HYPER-COMPOUNDER,491.0,Micro/Small-Cap (₹491.0Cr) trading at fair/standard multiple (PE: 21.0).,CAUTION: >30% of Net Profit stems from Other Income. Verify asset sales.,Neutral: Trade working capital is stable.,No glaring secondary red flags detected.,"Both Tracks. Fired: Factory Go-Live, Working Capital Squeeze, Operating Leverage, Immaculate Cash Conversion, Dividend Validation",404.0,327.0,313.0,98.24,93.35,22.0,10.0,11.0,10.0,43.0,5.0,12.0,12.0,40.0,72.0,152.0,150.0,9.0,26.0,51.0,10.0,6.0,226.0,334.0,63.9,63.9,13.32,13.36,0.0,0.0,21.0,0.61,9.0,69.0,86.0,0.0,0.0
OSWALSEEDS,EARLY INFLECTION,99.2,Micro/Small-Cap (₹99.2Cr) trading at deep value (PE: 13.7). High margin of safety.,Standard Quality: Earnings driven by core operations. No dividend paid.,WARNING: Receivables piling up. Company is giving away free credit to drive sales.,"Passed survival, but currently burning operating cash flow","Track A. Fired: Working Capital Squeeze, Margin Turnaround",248.0,246.0,269.0,56.08,54.75,7.0,4.0,6.0,4.0,15.0,5.0,18.0,18.0,6.0,42.0,8.0,6.0,1.0,2.0,-14.0,20.0,10.0,85.0,462.0,66.63,66.63,0.0,0.0,0.0,0.0,13.7,0.0,0.0,51.0,19.0,0.0,0.0
PDSL,EARLY INFLECTION,4791.0,Micro/Small-Cap (₹4791.0Cr) trading at fair/standard multiple (PE: 42.9).,CAUTION: >30% of Net Profit stems from Other Income. Verify asset sales.,Neutral: Trade working capital is stable.,Debt exceeds hard physical assets,"Track A. Fired: Working Capital Squeeze, Smart Money Creep",13110.0,12578.0,10373.0,3519.0,3172.0,178.0,241.0,3.0,4.0,383.0,146.0,28.0,28.0,1264.0,1232.0,858.0,701.0,0.0,1.0,781.0,12.0,16.0,4.0,17.0,61.37,61.4,3.32,3.22,5.77,5.78,42.9,0.97,100.0,46.0,54.0,0.0,0.0
PIXTRANS,PROVEN COMPOUNDER,2236.0,Micro/Small-Cap (₹2236.0Cr) trading at fair/standard multiple (PE: 20.9).,Elite Quality: Earnings are clean and validated by a 0.55% hard-cash dividend.,Neutral: Trade working capital is stable.,No glaring secondary red flags detected.,"Track B. Fired: Elite ROCE, Immaculate Cash Conversion, Dividend Validation",582.0,589.0,493.0,171.0,151.0,107.0,113.0,26.0,28.0,153.0,3.0,14.0,14.0,24.0,35.0,269.0,267.0,3.0,2.0,171.0,22.0,27.0,220.0,240.0,62.06,62.06,0.41,0.98,2.51,1.55,20.9,0.55,17.0,85.0,75.0,0.0,0.0
PRADPME,PROVEN COMPOUNDER,895.0,Micro/Small-Cap (₹895.0Cr) trading at fair/standard multiple (PE: 29.5).,Elite Quality: Earnings are clean and validated by a 0.48% hard-cash dividend.,Neutral: Trade working capital is stable.,No glaring secondary red flags detected.,"Track B. Fired: Elite ROCE, Operating Leverage, Immaculate Cash Conversion, Dividend Validation",338.0,312.0,277.0,91.0,84.0,30.0,27.0,16.0,15.0,54.0,7.0,17.0,17.0,75.0,71.0,106.0,100.0,4.0,0.0,32.0,21.0,21.0,173.0,150.0,73.48,73.48,0.0,0.0,0.08,0.0,29.5,0.48,3.0,102.0,90.0,0.0,0.0
PRECAM,HYPER-COMPOUNDER,1447.0,Micro/Small-Cap (₹1447.0Cr) trading at fair/standard multiple (PE: 32.6).,CAUTION: >30% of Net Profit stems from Other Income. Verify asset sales.,Neutral: Trade working capital is stable.,No glaring secondary red flags detected.,"Both Tracks. Fired: Working Capital Squeeze, Smart Money Creep, Operating Leverage, Immaculate Cash Conversion, Dividend Validation",773.0,865.0,1031.0,201.0,179.0,51.0,54.0,9.0,9.0,68.0,7.0,95.0,95.0,54.0,120.0,307.0,286.0,65.0,58.0,120.0,8.0,6.0,64.0,92.0,65.37,65.37,0.12,0.13,0.09,0.0,32.6,0.66,62.0,59.0,69.0,0.0,0.0
PRIMESECU,EARLY INFLECTION,1018.0,Micro/Small-Cap (₹1018.0Cr) priced for perfection (PE: 107.0). The easy multi-bagger money may have been made.,Elite Quality: Earnings are clean and validated by a 0.5% hard-cash dividend.,Neutral: Trade working capital is stable.,"Promoter holding is passable but low (0.0%) | Passed survival, but currently burning operating cash flow","Track A. Fired: Working Capital Squeeze, Smart Money Creep",137.0,89.0,67.0,30.0,30.0,13.0,38.0,16.0,47.0,21.0,1.0,17.0,17.0,2.0,0.0,12.0,5.0,0.0,0.0,-2.0,8.0,23.0,39.0,89.0,0.0,0.0,4.96,4.93,5.08,5.08,107.0,0.5,-10.0,39.0,89.0,0.0,0.0
PTL,PROVEN COMPOUNDER,560.0,Micro/Small-Cap (₹560.0Cr) trading at deep value (PE: 12.3). High margin of safety.,Elite Quality: Earnings are clean and validated by a 5.91% hard-cash dividend.,WARNING: Receivables piling up. Company is giving away free credit to drive sales.,No glaring secondary red flags detected.,"Track B. Fired: Operating Leverage, Immaculate Cash Conversion, Dividend Validation",450.0,410.0,304.0,0.0,0.0,46.0,34.0,19.0,18.0,84.0,14.0,13.0,13.0,68.0,115.0,914.0,326.0,4.0,2.0,66.0,14.0,23.0,-152.0,-148.0,69.82,69.82,0.0,0.0,0.91,0.91,12.3,5.91,8.0,44.0,35.0,0.0,0.0
RANEHOLDIN,PROVEN COMPOUNDER,2411.0,Micro/Small-Cap (₹2411.0Cr) trading at fair/standard multiple (PE: 27.7).,CAUTION: >30% of Net Profit stems from Other Income. Verify asset sales.,Neutral: Trade working capital is stable.,Promoter holding is passable but low (46.63%),"Track B. Fired: Top-Line Growth, Immaculate Cash Conversion, Dividend Validation",5883.0,4382.0,3541.0,1609.0,1535.0,137.0,221.0,7.0,8.0,418.0,75.0,14.0,14.0,1021.0,1060.0,1216.0,1140.0,139.0,131.0,280.0,10.0,10.0,49.0,48.0,46.63,46.55,0.76,0.82,4.11,4.09,27.7,2.25,44.0,66.0,77.0,0.0,0.0
RAYMONDLSL,HYPER-COMPOUNDER,4939.0,Micro/Small-Cap (₹4939.0Cr) trading at fair/standard multiple (PE: 33.1).,CAUTION: >30% of Net Profit stems from Other Income. Verify asset sales.,Neutral: Trade working capital is stable.,No glaring secondary red flags detected.,"Both Tracks. Fired: Margin Turnaround, Smart Money Creep, Operating Leverage, Immaculate Cash Conversion, Dividend Validation",6888.0,6177.0,6535.0,1776.0,1849.0,46.0,38.0,10.0,8.0,658.0,233.0,12.0,12.0,2186.0,2288.0,7690.0,7727.0,136.0,158.0,546.0,4.0,3.0,102.0,111.0,59.52,58.22,8.69,8.71,5.12,6.17,33.1,0.12,17.0,50.0,54.0,0.0,0.0
RELTD,HYPER-COMPOUNDER,3390.0,Micro/Small-Cap (₹3390.0Cr) trading at fair/standard multiple (PE: 42.0).,Standard Quality: Earnings driven by core operations. No dividend paid.,Neutral: Trade working capital is stable.,No glaring secondary red flags detected.,"Both Tracks. Fired: Factory Go-Live, Margin Turnaround, Top-Line Growth, Operating Leverage, Immaculate Cash Conversion",543.0,250.0,131.0,133.0,127.0,81.0,22.0,24.0,17.0,131.0,35.0,179.0,179.0,502.0,224.0,870.0,318.0,22.0,129.0,172.0,16.0,10.0,30.0,-30.0,63.66,64.77,1.98,2.08,2.81,1.91,42.0,0.0,18.0,27.0,25.0,0.0,0.0
REMSONSIND,PROVEN COMPOUNDER,299.0,Micro/Small-Cap (₹299.0Cr) trading at deep value (PE: 16.1). High margin of safety.,Elite Quality: Earnings are clean and validated by a 0.35% hard-cash dividend.,Neutral: Trade working capital is stable.,No glaring secondary red flags detected.,"Track B. Fired: Top-Line Growth, Immaculate Cash Conversion, Dividend Validation",469.0,377.0,312.0,130.4,123.1,21.0,17.0,11.0,10.0,50.0,8.0,7.0,7.0,98.0,86.0,154.0,115.0,0.0,5.0,60.0,15.0,14.0,77.0,112.0,65.53,66.24,2.33,3.39,1.22,1.13,16.1,0.35,4.0,59.0,74.0,0.0,0.0
RICOAUTO,HYPER-COMPOUNDER,1966.0,Micro/Small-Cap (₹1966.0Cr) trading at fair/standard multiple (PE: 34.8).,Elite Quality: Earnings are clean and validated by a 0.34% hard-cash dividend.,Neutral: Trade working capital is stable.,No glaring secondary red flags detected.,"Both Tracks. Fired: Working Capital Squeeze, Smart Money Creep, Operating Leverage, Immaculate Cash Conversion, Dividend Validation",2478.0,2212.0,2160.0,677.49,629.42,52.0,21.0,9.0,9.0,223.0,55.0,14.0,14.0,728.0,697.0,1217.0,1095.0,162.0,124.0,326.0,9.0,8.0,7.0,27.0,50.33,50.33,2.14,2.01,0.09,0.0,34.8,0.34,2.0,52.0,61.0,0.0,0.0
RKSWAMY,EARLY INFLECTION,495.0,Micro/Small-Cap (₹495.0Cr) trading at fair/standard multiple (PE: 20.3).,CAUTION: >30% of Net Profit stems from Other Income. Verify asset sales.,Neutral: Trade working capital is stable.,No glaring secondary red flags detected.,"Track A. Fired: Working Capital Squeeze, Margin Turnaround",341.0,294.0,332.0,101.0,89.0,22.0,19.0,13.0,10.0,44.0,4.0,25.0,25.0,43.0,32.0,63.0,47.0,0.0,1.0,38.0,12.0,10.0,135.0,181.0,69.61,69.61,0.34,0.18,3.34,5.0,20.3,1.53,8.0,135.0,181.0,0.0,0.0
ROHLTD,EARLY INFLECTION,906.0,Micro/Small-Cap (₹906.0Cr) trading at fair/standard multiple (PE: 29.3).,CAUTION: >30% of Net Profit stems from Other Income. Verify asset sales.,Neutral: Trade working capital is stable.,No glaring secondary red flags detected.,"Track A. Fired: Working Capital Squeeze, Smart Money Creep",384.0,319.0,294.0,113.17,113.03,33.0,47.0,23.0,23.0,88.0,39.0,27.0,27.0,641.0,221.0,730.0,253.0,2.0,17.0,82.0,11.0,17.0,-357.0,42.0,64.07,64.07,8.54,8.32,0.87,0.84,29.3,0.76,24.0,36.0,42.0,0.0,0.0
ROSSTECH,EARLY INFLECTION,3874.0,Micro/Small-Cap (₹3874.0Cr) priced for perfection (PE: 171.0). The easy multi-bagger money may have been made.,Elite Quality: Earnings are clean and validated by a 0.02% hard-cash dividend.,Neutral: Trade working capital is stable.,"Debt exceeds hard physical assets | Passed survival, but currently burning operating cash flow","Track A. Fired: Working Capital Squeeze, Smart Money Creep",485.0,260.0,217.0,142.07,129.93,22.0,8.0,13.0,14.0,63.0,24.0,8.0,8.0,409.0,240.0,124.0,114.0,2.0,3.0,-83.0,12.0,8.0,412.0,607.0,74.8,74.8,1.6,1.5,3.51,2.77,171.0,0.02,4.0,88.0,103.0,0.0,0.0
RRIL,EARLY INFLECTION,218.0,Micro/Small-Cap (₹218.0Cr) trading at fair/standard multiple (PE: 25.1).,CAUTION: >30% of Net Profit stems from Other Income. Verify asset sales.,Neutral: Trade working capital is stable.,No glaring secondary red flags detected.,"Track A. Fired: Margin Turnaround, Smart Money Creep",122.0,113.0,95.0,27.4,33.37,9.0,7.0,9.0,7.0,10.0,2.0,61.0,61.0,18.0,29.0,86.0,77.0,0.0,0.0,4.0,10.0,9.0,91.0,86.0,70.8,70.75,0.0,0.0,0.0,0.0,25.1,0.0,4.0,36.0,42.0,0.0,0.0
RSYSTEMS,PROVEN COMPOUNDER,3130.0,Micro/Small-Cap (₹3130.0Cr) trading at deep value (PE: 13.6). High margin of safety.,Elite Quality: Earnings are clean and validated by a 4.73% hard-cash dividend.,WARNING: Receivables piling up. Company is giving away free credit to drive sales.,No glaring secondary red flags detected.,"Track B. Fired: Operating Leverage, Immaculate Cash Conversion, Dividend Validation",1958.0,1742.0,1685.0,575.0,555.0,186.0,131.0,16.0,15.0,307.0,14.0,12.0,12.0,410.0,73.0,1125.0,571.0,0.0,4.0,220.0,19.0,21.0,77.0,54.0,51.85,51.85,3.89,3.76,7.2,8.6,13.6,4.73,29.0,77.0,54.0,0.0,0.0
SAKSOFT,PROVEN COMPOUNDER,1855.0,Micro/Small-Cap (₹1855.0Cr) trading at deep value (PE: 13.6). High margin of safety.,Elite Quality: Earnings are clean and validated by a 0.71% hard-cash dividend.,Neutral: Trade working capital is stable.,No glaring secondary red flags detected.,"Track B. Fired: Elite ROCE, Operating Leverage, Immaculate Cash Conversion, Dividend Validation",1007.0,883.0,762.0,249.0,251.0,133.0,109.0,19.0,17.0,187.0,9.0,13.0,13.0,44.0,75.0,543.0,520.0,0.0,0.0,171.0,26.0,24.0,70.0,80.0,66.72,66.68,2.4,2.23,0.0,0.14,13.6,0.71,15.0,70.0,80.0,0.0,0.0
SALASAR,EARLY INFLECTION,1236.0,Micro/Small-Cap (₹1236.0Cr) priced for perfection (PE: 71.8). The easy multi-bagger money may have been made.,CAUTION: >30% of Net Profit stems from Other Income. Verify asset sales.,WARNING: Receivables piling up. Company is giving away free credit to drive sales.,Promoter holding is passable but low (47.23%),"Track A. Fired: Working Capital Squeeze, Smart Money Creep",1503.0,1447.0,1208.0,445.0,331.0,18.0,19.0,7.0,8.0,112.0,56.0,175.0,173.0,422.0,317.0,437.0,394.0,8.0,2.0,161.0,8.0,11.0,157.0,198.0,47.23,46.59,4.97,4.97,0.0,0.0,71.8,0.0,9.0,157.0,117.0,0.0,0.0
SANATHAN,EARLY INFLECTION,3710.0,Micro/Small-Cap (₹3710.0Cr) trading at fair/standard multiple (PE: 48.0).,Standard Quality: Earnings driven by core operations. No dividend paid.,Neutral: Trade working capital is stable.,No glaring secondary red flags detected.,"Track A. Fired: Factory Go-Live, Working Capital Squeeze, Smart Money Creep",3811.0,2999.0,2958.0,1169.0,1079.0,77.0,160.0,7.0,9.0,284.0,96.0,84.0,84.0,1512.0,1084.0,2819.0,934.0,252.0,1587.0,322.0,7.0,10.0,-25.0,-1.0,78.58,78.58,1.58,1.47,12.31,12.03,48.0,0.0,19.0,21.0,18.0,0.0,0.0
SANGAMIND,HYPER-COMPOUNDER,2718.0,Micro/Small-Cap (₹2718.0Cr) trading at fair/standard multiple (PE: 31.2).,Elite Quality: Earnings are clean and validated by a 0.37% hard-cash dividend.,Neutral: Trade working capital is stable.,No glaring secondary red flags detected.,"Both Tracks. Fired: Factory Go-Live, Smart Money Creep, Operating Leverage, Immaculate Cash Conversion, Dividend Validation",3235.0,2857.0,2628.0,884.0,775.0,83.0,32.0,10.0,9.0,321.0,114.0,50.0,50.0,1278.0,1138.0,1509.0,1278.0,84.0,179.0,269.0,10.0,7.0,50.0,60.0,70.52,70.35,2.4,2.46,0.09,0.09,31.2,0.37,1.0,72.0,66.0,0.0,0.0
SAPPL,PROVEN COMPOUNDER,244.0,Micro/Small-Cap (₹244.0Cr) trading at deep value (PE: 8.13). High margin of safety.,Standard Quality: Earnings driven by core operations. No dividend paid.,Neutral: Trade working capital is stable.,No glaring secondary red flags detected.,"Track B. Fired: Top-Line Growth, Operating Leverage, Immaculate Cash Conversion",701.0,506.0,295.0,174.54,176.81,30.0,9.0,13.0,10.0,94.0,34.0,9.0,9.0,256.0,285.0,389.0,408.0,1.0,0.0,63.0,14.0,7.0,82.0,98.0,59.6,59.6,0.0,0.0,0.0,0.0,8.13,0.0,3.0,52.0,57.0,0.0,0.0
SASKEN,EARLY INFLECTION,3927.0,Micro/Small-Cap (₹3927.0Cr) trading at fair/standard multiple (PE: 66.6).,CAUTION: >30% of Net Profit stems from Other Income. Verify asset sales.,Neutral: Trade working capital is stable.,"Promoter holding is passable but low (42.95%) | Passed survival, but currently burning operating cash flow","Track A. Fired: Factory Go-Live, Margin Turnaround",1113.0,551.0,406.0,334.0,250.0,59.0,51.0,8.0,4.0,88.0,4.0,15.0,15.0,28.0,26.0,353.0,66.0,0.0,11.0,-23.0,10.0,7.0,59.0,71.0,42.95,43.08,18.54,18.87,1.05,0.66,66.6,0.97,30.0,57.0,71.0,0.0,0.0
SEAMECLTD,EARLY INFLECTION,3475.0,Micro/Small-Cap (₹3475.0Cr) trading at deep value (PE: 13.8). High margin of safety.,Standard Quality: Earnings driven by core operations. No dividend paid.,WARNING: Receivables piling up. Company is giving away free credit to drive sales.,No glaring secondary red flags detected.,"Track A. Fired: Margin Turnaround, Smart Money Creep",952.0,652.0,729.0,327.0,317.0,254.0,88.0,42.0,33.0,400.0,21.0,25.0,25.0,353.0,231.0,897.0,655.0,0.0,0.0,321.0,20.0,9.0,120.0,89.0,72.72,72.72,3.73,3.36,4.49,4.08,13.8,0.0,48.0,120.0,89.0,0.0,0.0
SERVOTECH,EARLY INFLECTION,2296.0,Micro/Small-Cap (₹2296.0Cr) trading at fair/standard multiple (PE: 68.4).,Elite Quality: Earnings are clean and validated by a 0.05% hard-cash dividend.,WARNING: Receivables piling up. Company is giving away free credit to drive sales.,"Debt exceeds hard physical assets | Passed survival, but currently burning operating cash flow","Track A. Fired: Working Capital Squeeze, Margin Turnaround",672.0,674.0,353.0,217.0,211.0,32.0,33.0,10.0,8.0,67.0,12.0,23.0,22.0,211.0,75.0,156.0,69.0,0.0,3.0,-2.0,13.0,20.0,61.0,89.0,58.61,58.61,0.14,0.73,0.0,0.0,68.4,0.05,4.0,119.0,79.0,0.0,0.0
SHREDIGCEM,EARLY INFLECTION,1128.0,Micro/Small-Cap (₹1128.0Cr) trading at fair/standard multiple (PE: 45.2).,Elite Quality: Earnings are clean and validated by a 1.97% hard-cash dividend.,WARNING: Receivables piling up. Company is giving away free credit to drive sales.,"Debt exceeds hard physical assets | Passed survival, but currently burning operating cash flow","Track A. Fired: Factory Go-Live, Smart Money Creep",749.0,725.0,792.0,208.47,183.34,25.0,25.0,9.0,8.0,71.0,10.0,148.0,148.0,514.0,111.0,417.0,163.0,4.0,216.0,-411.0,6.0,9.0,62.0,-30.0,59.2,45.12,0.38,1.04,1.29,4.01,45.2,1.97,4.0,18.0,9.0,0.0,0.0
SIGMA,PROVEN COMPOUNDER,397.0,Micro/Small-Cap (₹397.0Cr) trading at deep value (PE: 16.6). High margin of safety.,Elite Quality: Earnings are clean and validated by a 0.13% hard-cash dividend.,Neutral: Trade working capital is stable.,No glaring secondary red flags detected.,"Track B. Fired: Elite ROCE, Top-Line Growth, Immaculate Cash Conversion, Dividend Validation",96.0,76.0,65.0,24.64,24.73,24.0,19.0,30.0,34.0,28.0,0.0,10.0,10.0,2.0,4.0,6.0,7.0,0.0,0.0,30.0,48.0,59.0,70.0,100.0,73.21,73.22,0.0,0.03,0.0,0.0,16.6,0.13,5.0,70.0,100.0,0.0,0.0
SIRCA,PROVEN COMPOUNDER,2342.0,Micro/Small-Cap (₹2342.0Cr) trading at fair/standard multiple (PE: 36.0).,Elite Quality: Earnings are clean and validated by a 0.36% hard-cash dividend.,Neutral: Trade working capital is stable.,No glaring secondary red flags detected.,"Track B. Fired: Top-Line Growth, Operating Leverage, Dividend Validation",492.0,372.0,311.0,134.0,113.0,65.0,49.0,20.0,18.0,99.0,5.0,57.0,55.0,32.0,8.0,174.0,164.0,10.0,0.0,44.0,21.0,20.0,193.0,218.0,65.19,65.19,6.29,6.92,0.0,0.32,36.0,0.36,4.0,115.0,92.0,0.0,0.0
SOMANYCERA,PROVEN COMPOUNDER,2118.0,Micro/Small-Cap (₹2118.0Cr) trading at fair/standard multiple (PE: 25.0).,Elite Quality: Earnings are clean and validated by a 0.77% hard-cash dividend.,Neutral: Trade working capital is stable.,No glaring secondary red flags detected.,"Track B. Fired: Operating Leverage, Immaculate Cash Conversion, Dividend Validation",2790.0,2659.0,2605.0,818.0,682.0,74.0,58.0,9.0,8.0,258.0,48.0,8.0,8.0,374.0,360.0,1091.0,1063.0,19.0,16.0,247.0,13.0,12.0,44.0,52.0,55.19,55.0,1.34,0.9,21.64,23.01,25.0,0.77,6.0,39.0,51.0,0.0,0.0
SOTL,HYPER-COMPOUNDER,4147.0,Micro/Small-Cap (₹4147.0Cr) trading at fair/standard multiple (PE: 22.8).,Elite Quality: Earnings are clean and validated by a 0.66% hard-cash dividend.,Neutral: Trade working capital is stable.,No glaring secondary red flags detected.,"Both Tracks. Fired: Margin Turnaround, Smart Money Creep, Operating Leverage, Immaculate Cash Conversion, Dividend Validation",4363.0,3813.0,3740.0,1224.0,1074.0,182.0,113.0,6.0,4.0,245.0,19.0,14.0,14.0,2.0,0.0,265.0,264.0,24.0,19.0,137.0,15.0,9.0,88.0,96.0,68.93,68.91,0.88,0.87,13.18,13.18,22.8,0.66,45.0,76.0,74.0,0.0,0.0
SPECTRUM,HYPER-COMPOUNDER,2836.0,Micro/Small-Cap (₹2836.0Cr) trading at fair/standard multiple (PE: 63.8).,Standard Quality: Earnings driven by core operations. No dividend paid.,Neutral: Trade working capital is stable.,Debt exceeds hard physical assets,"Both Tracks. Fired: Working Capital Squeeze, Smart Money Creep, Top-Line Growth, Operating Leverage, Immaculate Cash Conversion",526.0,402.0,328.0,283.0,125.0,44.0,25.0,15.0,13.0,80.0,15.0,16.0,16.0,249.0,185.0,146.0,139.0,172.0,38.0,94.0,17.0,15.0,124.0,160.0,72.72,72.72,4.94,4.66,0.34,0.34,63.8,0.0,5.0,60.0,113.0,0.0,0.0
SPIC,PROVEN COMPOUNDER,1439.0,Micro/Small-Cap (₹1439.0Cr) trading at deep value (PE: 6.8). High margin of safety.,CAUTION: >30% of Net Profit stems from Other Income. Verify asset sales.,WARNING: Receivables piling up. Company is giving away free credit to drive sales.,Debt exceeds hard physical assets,"Track B. Fired: Operating Leverage, Immaculate Cash Conversion, Dividend Validation",2956.0,3086.0,1944.0,584.0,774.0,211.0,156.0,10.0,9.0,300.0,28.0,204.0,204.0,703.0,722.0,616.0,620.0,448.0,108.0,395.0,18.0,17.0,-26.0,-23.0,53.38,53.38,5.08,4.92,0.14,0.17,6.8,2.83,94.0,2.0,1.0,0.0,0.0
SRM,HYPER-COMPOUNDER,1124.0,Micro/Small-Cap (₹1124.0Cr) trading at deep value (PE: 10.1). High margin of safety.,Standard Quality: Earnings driven by core operations. No dividend paid.,Neutral: Trade working capital is stable.,No glaring secondary red flags detected.,"Both Tracks. Fired: Working Capital Squeeze, Smart Money Creep, Elite ROCE, Top-Line Growth, Operating Leverage, Immaculate Cash Conversion",1026.0,528.0,342.0,446.0,231.0,111.0,55.0,16.0,15.0,168.0,9.0,23.0,23.0,135.0,41.0,252.0,80.0,0.0,0.0,92.0,37.0,33.0,-133.0,43.0,72.59,72.59,0.43,0.05,1.11,1.26,10.1,0.0,9.0,33.0,27.0,0.0,0.0
STUDDS,PROVEN COMPOUNDER,1885.0,Micro/Small-Cap (₹1885.0Cr) trading at fair/standard multiple (PE: 22.8).,Standard Quality: Earnings driven by core operations. No dividend paid.,Neutral: Trade working capital is stable.,No glaring secondary red flags detected.,"Track B. Fired: Elite ROCE, Operating Leverage, Immaculate Cash Conversion",634.0,584.0,529.0,168.0,163.0,83.0,70.0,19.0,18.0,122.0,1.0,20.0,20.0,8.0,9.0,343.0,338.0,53.0,29.0,86.0,23.0,23.0,62.0,62.0,61.75,61.75,1.07,1.36,9.6,8.98,22.8,0.0,12.0,24.0,27.0,0.0,0.0
STYRENIX,PROVEN COMPOUNDER,4068.0,Micro/Small-Cap (₹4068.0Cr) trading at fair/standard multiple (PE: 22.0).,Elite Quality: Earnings are clean and validated by a 2.33% hard-cash dividend.,Neutral: Trade working capital is stable.,Promoter holding is passable but low (46.24%),"Track B. Fired: Top-Line Growth, Immaculate Cash Conversion, Dividend Validation",3438.0,2982.0,2222.0,826.0,869.0,183.0,235.0,10.0,12.0,343.0,19.0,18.0,18.0,326.0,397.0,962.0,863.0,105.0,29.0,183.0,15.0,27.0,81.0,81.0,46.24,46.24,0.95,1.22,17.33,15.75,22.0,2.33,14.0,46.0,54.0,0.0,0.0
SUNTECK,HYPER-COMPOUNDER,4789.0,Micro/Small-Cap (₹4789.0Cr) trading at fair/standard multiple (PE: 23.4).,Elite Quality: Earnings are clean and validated by a 0.46% hard-cash dividend.,Neutral: Trade working capital is stable.,"Debt exceeds hard physical assets | Passed survival, but currently burning operating cash flow","Both Tracks. Fired: Working Capital Squeeze, Margin Turnaround, Smart Money Creep, Top-Line Growth, Operating Leverage, Dividend Validation",1124.0,853.0,565.0,339.0,344.0,202.0,150.0,27.0,22.0,305.0,67.0,15.0,15.0,774.0,387.0,639.0,497.0,0.0,34.0,-432.0,8.0,6.0,5090.0,14577.0,63.14,63.3,20.58,19.7,5.61,5.99,23.4,0.46,45.0,37.0,50.0,0.0,0.0
SURYALA,PROVEN COMPOUNDER,200.0,Micro/Small-Cap (₹200.0Cr) trading at deep value (PE: 5.63). High margin of safety.,CAUTION: >30% of Net Profit stems from Other Income. Verify asset sales.,Neutral: Trade working capital is stable.,No glaring secondary red flags detected.,"Track B. Fired: Operating Leverage, Immaculate Cash Conversion, Dividend Validation",484.0,495.0,453.0,105.0,126.0,35.0,15.0,11.0,8.0,51.0,4.0,4.0,4.0,85.0,69.0,309.0,292.0,18.0,0.0,49.0,14.0,8.0,53.0,47.0,70.36,70.36,0.0,0.0,0.02,0.02,5.63,0.43,15.0,14.0,21.0,0.0,0.0
TALBROAUTO,PROVEN COMPOUNDER,2225.0,Micro/Small-Cap (₹2225.0Cr) trading at fair/standard multiple (PE: 21.4).,CAUTION: >30% of Net Profit stems from Other Income. Verify asset sales.,Neutral: Trade working capital is stable.,No glaring secondary red flags detected.,"Track B. Fired: Operating Leverage, Immaculate Cash Conversion, Dividend Validation",870.0,827.0,778.0,237.0,214.0,104.0,94.0,16.0,16.0,137.0,13.0,12.0,12.0,84.0,94.0,228.0,221.0,22.0,23.0,85.0,19.0,19.0,75.0,71.0,58.43,58.43,0.49,0.61,0.09,0.09,21.4,0.19,40.0,118.0,108.0,0.0,0.0
TAMBOLIIN,PROVEN COMPOUNDER,188.0,Micro/Small-Cap (₹188.0Cr) trading at deep value (PE: 18.3). High margin of safety.,Elite Quality: Earnings are clean and validated by a 0.53% hard-cash dividend.,Neutral: Trade working capital is stable.,No glaring secondary red flags detected.,"Track B. Fired: Operating Leverage, Immaculate Cash Conversion, Dividend Validation",80.43,68.74,74.87,22.75,21.78,9.81,7.71,20.02,21.08,16.1,0.43,9.92,9.92,2.43,6.35,63.43,53.76,1.46,0.89,16.8,11.82,9.54,238.11,563.58,52.83,52.83,0.0,0.0,0.0,0.0,18.3,0.53,2.15,100.56,86.6,0.0,0.0
TATVA,PROVEN COMPOUNDER,2793.0,Micro/Small-Cap (₹2793.0Cr) trading at fair/standard multiple (PE: 66.4).,Elite Quality: Earnings are clean and validated by a 0.08% hard-cash dividend.,Neutral: Trade working capital is stable.,No glaring secondary red flags detected.,"Track B. Fired: Operating Leverage, Immaculate Cash Conversion, Dividend Validation",506.0,383.0,394.0,134.0,131.0,42.0,6.0,18.0,9.0,93.0,3.0,23.0,23.0,120.0,36.0,611.0,526.0,23.0,27.0,31.0,7.0,1.0,310.0,264.0,72.02,72.02,3.81,4.17,2.99,3.32,66.4,0.08,4.0,86.0,79.0,0.0,0.0
TBZ,EARLY INFLECTION,1260.0,Micro/Small-Cap (₹1260.0Cr) trading at deep value (PE: 6.23). High margin of safety.,Elite Quality: Earnings are clean and validated by a 1.19% hard-cash dividend.,Neutral: Trade working capital is stable.,Debt exceeds hard physical assets,"Track A. Fired: Margin Turnaround, Smart Money Creep",3203.0,2620.0,2299.0,830.0,1061.0,202.0,68.0,11.0,7.0,361.0,69.0,67.0,67.0,886.0,792.0,183.0,164.0,0.0,1.0,30.0,21.0,12.0,226.0,215.0,74.12,74.12,0.26,0.0,0.0,0.0,6.23,1.19,7.0,0.0,0.0,0.0,0.0
TERASOFT,HYPER-COMPOUNDER,521.0,Micro/Small-Cap (₹521.0Cr) trading at fair/standard multiple (PE: 21.0).,Elite Quality: Earnings are clean and validated by a 0.24% hard-cash dividend.,Neutral: Trade working capital is stable.,"Debt exceeds hard physical assets | Promoter holding is passable but low (47.53%) | Passed survival, but currently burning operating cash flow","Both Tracks. Fired: Working Capital Squeeze, Margin Turnaround, Top-Line Growth, Operating Leverage, Dividend Validation",238.0,108.0,84.0,74.74,59.14,25.0,9.0,15.0,11.0,37.0,7.0,13.0,13.0,39.0,20.0,28.0,27.0,-0.0,-0.0,-14.0,24.0,11.0,243.0,462.0,47.53,47.53,0.08,0.14,0.0,0.0,21.0,0.24,4.0,243.0,462.0,0.0,0.0
TREL,EARLY INFLECTION,641.0,Micro/Small-Cap (₹641.0Cr) trading at deep value (PE: 17.3). High margin of safety.,CAUTION: >30% of Net Profit stems from Other Income. Verify asset sales.,WARNING: Receivables piling up. Company is giving away free credit to drive sales.,No glaring secondary red flags detected.,"Track A. Fired: Margin Turnaround, Smart Money Creep",84.0,83.0,97.0,21.58,21.06,37.0,53.0,54.0,44.0,46.0,2.0,49.0,49.0,0.0,0.0,923.0,876.0,0.0,0.0,43.0,4.0,2.0,14.0,7.0,70.96,70.44,5.89,5.85,1.34,1.34,17.3,1.92,20.0,14.0,7.0,0.0,0.0
TVSSRICHAK,PROVEN COMPOUNDER,3145.0,Micro/Small-Cap (₹3145.0Cr) trading at fair/standard multiple (PE: 45.0).,Elite Quality: Earnings are clean and validated by a 0.41% hard-cash dividend.,Neutral: Trade working capital is stable.,Promoter holding is passable but low (45.7%),"Track B. Fired: Operating Leverage, Immaculate Cash Conversion, Dividend Validation",3643.0,3254.0,2926.0,981.0,917.0,71.0,21.0,8.0,7.0,279.0,50.0,8.0,8.0,767.0,886.0,1188.0,1167.0,40.0,98.0,297.0,8.0,5.0,77.0,96.0,45.7,45.7,0.97,0.97,6.17,6.17,45.0,0.41,17.0,41.0,39.0,0.0,0.0
UGARSUGAR,HYPER-COMPOUNDER,446.0,Micro/Small-Cap (₹446.0Cr) trading at deep value (PE: 6.51). High margin of safety.,Elite Quality: Earnings are clean and validated by a 0.25% hard-cash dividend.,WARNING: Receivables piling up. Company is giving away free credit to drive sales.,Promoter holding is passable but low (44.54%),"Both Tracks. Fired: Working Capital Squeeze, Margin Turnaround, Top-Line Growth, Operating Leverage, Immaculate Cash Conversion, Dividend Validation",1794.0,1137.0,956.0,234.0,188.0,103.0,43.0,12.0,9.0,208.0,48.0,11.0,11.0,225.0,400.0,250.0,224.0,33.0,38.0,394.0,27.0,12.0,96.0,263.0,44.54,46.75,0.19,0.17,0.0,0.0,6.51,0.25,6.0,38.0,29.0,0.0,0.0
UNIPARTS,HYPER-COMPOUNDER,3046.0,Micro/Small-Cap (₹3046.0Cr) trading at deep value (PE: 18.9). High margin of safety.,Elite Quality: Earnings are clean and validated by a 2.26% hard-cash dividend.,Neutral: Trade working capital is stable.,No glaring secondary red flags detected.,"Both Tracks. Fired: Margin Turnaround, Smart Money Creep, Operating Leverage, Immaculate Cash Conversion, Dividend Validation",1170.0,964.0,1140.0,339.0,281.0,158.0,88.0,21.0,15.0,247.0,10.0,45.0,45.0,155.0,120.0,359.0,325.0,3.0,12.0,174.0,22.0,12.0,320.0,353.0,65.87,65.89,2.82,2.45,5.34,4.89,18.9,2.26,14.0,44.0,43.0,0.0,0.0
UNIVCABLES,HYPER-COMPOUNDER,4418.0,Micro/Small-Cap (₹4418.0Cr) trading at fair/standard multiple (PE: 27.1).,CAUTION: >30% of Net Profit stems from Other Income. Verify asset sales.,Neutral: Trade working capital is stable.,Debt exceeds hard physical assets,"Both Tracks. Fired: Working Capital Squeeze, Margin Turnaround, Top-Line Growth, Operating Leverage, Dividend Validation",3023.0,2407.0,2020.0,840.0,768.0,163.0,89.0,9.0,7.0,261.0,115.0,35.0,35.0,1177.0,849.0,417.0,255.0,137.0,35.0,63.0,12.0,9.0,115.0,153.0,61.89,61.89,0.68,0.81,4.54,4.51,27.1,0.31,111.0,138.0,138.0,0.0,0.0
UTTAMSUGAR,EARLY INFLECTION,907.0,Micro/Small-Cap (₹907.0Cr) trading at deep value (PE: 8.96). High margin of safety.,Elite Quality: Earnings are clean and validated by a 1.05% hard-cash dividend.,Neutral: Trade working capital is stable.,No glaring secondary red flags detected.,"Track A. Fired: Working Capital Squeeze, Smart Money Creep",2202.0,1846.0,2047.0,470.0,521.0,101.0,86.0,10.0,12.0,229.0,52.0,38.0,38.0,722.0,833.0,880.0,882.0,8.0,2.0,270.0,12.0,11.0,180.0,242.0,74.71,74.39,0.26,0.04,0.0,0.0,8.96,1.05,7.0,8.0,13.0,0.0,0.0
VADILALIND,PROVEN COMPOUNDER,4392.0,Micro/Small-Cap (₹4392.0Cr) trading at fair/standard multiple (PE: 28.3).,Elite Quality: Earnings are clean and validated by a 0.34% hard-cash dividend.,Neutral: Trade working capital is stable.,No glaring secondary red flags detected.,"Track B. Fired: Elite ROCE, Immaculate Cash Conversion, Dividend Validation",1503.0,1238.0,1125.0,416.0,239.0,155.0,150.0,17.0,19.0,249.0,16.0,7.0,7.0,230.0,218.0,536.0,478.0,20.0,10.0,143.0,22.0,25.0,148.0,143.0,64.72,64.72,0.58,0.56,0.42,0.42,28.3,0.34,22.0,43.0,36.0,0.0,0.0
VAKRANGEE,EARLY INFLECTION,681.0,Micro/Small-Cap (₹681.0Cr) trading at fair/standard multiple (PE: 60.6).,CAUTION: >30% of Net Profit stems from Other Income. Verify asset sales.,Neutral: Trade working capital is stable.,Promoter holding is passable but low (40.05%),"Track A. Fired: Working Capital Squeeze, Margin Turnaround",255.0,255.0,213.0,56.74,60.1,11.0,6.0,11.0,9.0,28.0,2.0,108.0,108.0,4.0,5.0,117.0,110.0,9.0,17.0,61.0,8.0,6.0,28.0,45.0,40.05,40.05,0.45,0.49,4.13,4.45,60.6,0.0,7.0,29.0,39.0,0.0,0.0
VELJAN,PROVEN COMPOUNDER,565.0,Micro/Small-Cap (₹565.0Cr) trading at fair/standard multiple (PE: 21.9).,Elite Quality: Earnings are clean and validated by a 0.68% hard-cash dividend.,Neutral: Trade working capital is stable.,No glaring secondary red flags detected.,"Track B. Fired: Operating Leverage, Immaculate Cash Conversion, Dividend Validation",164.0,156.0,138.0,45.91,36.92,26.0,24.0,24.0,24.0,40.0,1.0,4.0,4.0,1.0,8.0,96.0,95.0,2.0,2.0,32.0,15.0,15.0,466.0,508.0,74.98,74.98,0.0,0.0,0.01,0.01,21.9,0.68,3.0,81.0,82.0,0.0,0.0
VISHNU,PROVEN COMPOUNDER,4046.0,Micro/Small-Cap (₹4046.0Cr) trading at fair/standard multiple (PE: 28.4).,Elite Quality: Earnings are clean and validated by a 0.05% hard-cash dividend.,Neutral: Trade working capital is stable.,No glaring secondary red flags detected.,"Track B. Fired: Operating Leverage, Immaculate Cash Conversion, Dividend Validation",1610.0,1447.0,1213.0,450.0,411.0,142.0,127.0,16.0,16.0,252.0,38.0,13.0,13.0,527.0,342.0,836.0,702.0,159.0,69.0,127.0,16.0,18.0,148.0,145.0,69.21,69.21,2.3,2.2,5.72,5.71,28.4,0.05,23.0,70.0,74.0,0.0,0.0
WEALTH,PROVEN COMPOUNDER,1035.0,Micro/Small-Cap (₹1035.0Cr) trading at fair/standard multiple (PE: 26.8).,Elite Quality: Earnings are clean and validated by a 2.06% hard-cash dividend.,Neutral: Trade working capital is stable.,No glaring secondary red flags detected.,"Track B. Fired: Elite ROCE, Immaculate Cash Conversion, Dividend Validation",68.0,60.0,67.0,17.0,6.0,38.0,34.0,72.0,78.0,49.0,0.0,11.0,11.0,0.0,0.0,3.0,1.0,0.0,0.0,75.0,35.0,38.0,45.0,38.0,74.04,74.04,0.0,0.0,0.11,0.1,26.8,2.06,3.0,45.0,38.0,0.0,0.0
WORTHPERI,PROVEN COMPOUNDER,203.0,Micro/Small-Cap (₹203.0Cr) trading at deep value (PE: 13.8). High margin of safety.,Elite Quality: Earnings are clean and validated by a 0.77% hard-cash dividend.,Neutral: Trade working capital is stable.,No glaring secondary red flags detected.,"Track B. Fired: Operating Leverage, Immaculate Cash Conversion, Dividend Validation",305.0,276.0,238.0,76.13,75.09,19.0,17.0,11.0,10.0,33.0,2.0,16.0,16.0,42.0,20.0,80.0,84.0,79.0,1.0,30.0,13.0,13.0,59.0,70.0,68.16,68.16,0.0,0.0,0.0,0.0,13.8,0.77,3.0,45.0,56.0,0.0,0.0
YATRA,EARLY INFLECTION,1773.0,Micro/Small-Cap (₹1773.0Cr) trading at fair/standard multiple (PE: 35.2).,CAUTION: >30% of Net Profit stems from Other Income. Verify asset sales.,Neutral: Trade working capital is stable.,No glaring secondary red flags detected.,"Track A. Fired: Working Capital Squeeze, Margin Turnaround",1007.0,791.0,422.0,189.01,256.82,47.0,37.0,8.0,6.0,80.0,13.0,16.0,16.0,103.0,78.0,304.0,273.0,0.0,10.0,76.0,7.0,5.0,194.0,251.0,62.66,64.46,4.25,5.06,11.84,11.13,35.2,0.0,22.0,194.0,251.0,0.0,0.0
